STATION,STATION_NAME,DATE,PRCP,SNWD,SNOW,TMAX,TMIN,AWND
GHCND:USW00094728,NEW YORK CENTRAL PARK OBS BELVEDERE TOWER NY US,20130701,213,0,0,250,222,14
GHCND:USW00094728,NEW YORK CENTRAL PARK OBS BELVEDERE TOWER NY US,20130702,20,0,0,278,222,12
GHCND:USW00094728,NEW YORK CENTRAL PARK OBS BELVEDERE TOWER NY US,20130703,135,0,0,283,228,19
GHCND:USW00094728,NEW YORK CENTRAL PARK OBS BELVEDERE TOWER NY US,20130704,0,0,0,306,239,19
GHCND:USW00094728,NEW YORK CENTRAL PARK OBS BELVEDERE TOWER NY US,20130705,0,0,0,322,244,22
GHCND:USW00094728,NEW YORK CENTRAL PARK OBS BELVEDERE TOWER NY US,20130706,0,0,0,333,256,20
GHCND:USW00094728,NEW YORK CENTRAL PARK OBS BELVEDERE TOWER NY US,20130707,0,0,0,333,256,19
GHCND:USW00094728,NEW YORK CENTRAL PARK OBS BELVEDERE TOWER NY US,20130708,56,0,0,317,228,21
GHCND:USW00094728,NEW YORK CENTRAL PARK OBS BELVEDERE TOWER NY US,20130709,58,0,0,311,233,14
GHCND:USW00094728,NEW YORK CENTRAL PARK OBS BELVEDERE TOWER NY US,20130710,0,0,0,294,239,19
GHCND:USW00094728,NEW YORK CENTRAL PARK OBS BELVEDERE TOWER NY US,20130711,0,0,0,289,244,17
GHCND:USW00094728,NEW YORK CENTRAL PARK OBS BELVEDERE TOWER NY US,20130712,64,0,0,250,200,43
GHCND:USW00094728,NEW YORK CENTRAL PARK OBS BELVEDERE TOWER NY US,20130713,15,0,0,272,194,24
GHCND:USW00094728,NEW YORK CENTRAL PARK OBS BELVEDERE TOWER NY US,20130714,0,0,0,322,233,18
GHCND:USW00094728,NEW YORK CENTRAL PARK OBS BELVEDERE TOWER NY US,20130715,0,0,0,344,256,16
GHCND:USW00094728,NEW YORK CENTRAL PARK OBS BELVEDERE TOWER NY US,20130716,0,0,0,344,250,21
GHCND:USW00094728,NEW YORK CENTRAL PARK OBS BELVEDERE TOWER NY US,20130717,0,0,0,361,261,15
GHCND:USW00094728,NEW YORK CENTRAL PARK OBS BELVEDERE TOWER NY US,20130718,0,0,0,367,272,17
GHCND:USW00094728,NEW YORK CENTRAL PARK OBS BELVEDERE TOWER NY US,20130719,0,0,0,356,283,23
GHCND:USW00094728,NEW YORK CENTRAL PARK OBS BELVEDERE TOWER NY US,20130720,0,0,0,339,272,26
GHCND:USW00094728,NEW YORK CENTRAL PARK OBS BELVEDERE TOWER NY US,20130721,0,0,0,317,244,21
GHCND:USW00094728,NEW YORK CENTRAL PARK OBS BELVEDERE TOWER NY US,20130722,15,0,0,300,239,22
GHCND:USW00094728,NEW YORK CENTRAL PARK OBS BELVEDERE TOWER NY US,20130723,79,0,0,306,228,19
GHCND:USW00094728,NEW YORK CENTRAL PARK OBS BELVEDERE TOWER NY US,20130724,0,0,0,283,200,20
GHCND:USW00094728,NEW YORK CENTRAL PARK OBS BELVEDERE TOWER NY US,20130725,3,0,0,200,178,40
GHCND:USW00094728,NEW YORK CENTRAL PARK OBS BELVEDERE TOWER NY US,20130726,0,0,0,283,183,23
GHCND:USW00094728,NEW YORK CENTRAL PARK OBS BELVEDERE TOWER NY US,20130727,0,0,0,278,211,15
GHCND:USW00094728,NEW YORK CENTRAL PARK OBS BELVEDERE TOWER NY US,20130728,61,0,0,256,211,9
GHCND:USW00094728,NEW YORK CENTRAL PARK OBS BELVEDERE TOWER NY US,20130729,3,0,0,294,206,17
GHCND:USW00094728,NEW YORK CENTRAL PARK OBS BELVEDERE TOWER NY US,20130730,0,0,0,283,194,18
GHCND:USW00094728,NEW YORK CENTRAL PARK OBS BELVEDERE TOWER NY US,20130731,0,0,0,283,194,13
GHCND:USW00094728,NEW YORK CENTRAL PARK OBS BELVEDERE TOWER NY US,20130801,165,0,0,244,189,13
GHCND:USW00094728,NEW YORK CENTRAL PARK OBS BELVEDERE TOWER NY US,20130802,0,0,0,283,194,20
GHCND:USW00094728,NEW YORK CENTRAL PARK OBS BELVEDERE TOWER NY US,20130803,15,0,0,256,200,15
GHCND:USW00094728,NEW YORK CENTRAL PARK OBS BELVEDERE TOWER NY US,20130804,0,0,0,267,189,23
GHCND:USW00094728,NEW YORK CENTRAL PARK OBS BELVEDERE TOWER NY US,20130805,0,0,0,256,167,15
GHCND:USW00094728,NEW YORK CENTRAL PARK OBS BELVEDERE TOWER NY US,20130806,0,0,0,278,178,12
GHCND:USW00094728,NEW YORK CENTRAL PARK OBS BELVEDERE TOWER NY US,20130807,0,0,0,267,211,23
GHCND:USW00094728,NEW YORK CENTRAL PARK OBS BELVEDERE TOWER NY US,20130808,117,0,0,272,211,20
GHCND:USW00094728,NEW YORK CENTRAL PARK OBS BELVEDERE TOWER NY US,20130809,13,0,0,294,233,19
GHCND:USW00094728,NEW YORK CENTRAL PARK OBS BELVEDERE TOWER NY US,20130810,0,0,0,283,211,22
GHCND:USW00094728,NEW YORK CENTRAL PARK OBS BELVEDERE TOWER NY US,20130811,0,0,0,272,183,11
GHCND:USW00094728,NEW YORK CENTRAL PARK OBS BELVEDERE TOWER NY US,20130812,13,0,0,278,211,9
GHCND:USW00094728,NEW YORK CENTRAL PARK OBS BELVEDERE TOWER NY US,20130813,216,0,0,250,200,12
GHCND:USW00094728,NEW YORK CENTRAL PARK OBS BELVEDERE TOWER NY US,20130814,0,0,0,233,161,29
GHCND:USW00094728,NEW YORK CENTRAL PARK OBS BELVEDERE TOWER NY US,20130815,0,0,0,256,150,16
GHCND:USW00094728,NEW YORK CENTRAL PARK OBS BELVEDERE TOWER NY US,20130816,0,0,0,278,178,9
GHCND:USW00094728,NEW YORK CENTRAL PARK OBS BELVEDERE TOWER NY US,20130817,0,0,0,289,178,9
GHCND:USW00094728,NEW YORK CENTRAL PARK OBS BELVEDERE TOWER NY US,20130818,0,0,0,244,200,13
GHCND:USW00094728,NEW YORK CENTRAL PARK OBS BELVEDERE TOWER NY US,20130819,0,0,0,261,189,15
GHCND:USW00094728,NEW YORK CENTRAL PARK OBS BELVEDERE TOWER NY US,20130820,0,0,0,311,200,13
GHCND:USW00094728,NEW YORK CENTRAL PARK OBS BELVEDERE TOWER NY US,20130821,0,0,0,322,222,11
GHCND:USW00094728,NEW YORK CENTRAL PARK OBS BELVEDERE TOWER NY US,20130822,64,0,0,256,217,17
GHCND:USW00094728,NEW YORK CENTRAL PARK OBS BELVEDERE TOWER NY US,20130823,0,0,0,278,217,25
GHCND:USW00094728,NEW YORK CENTRAL PARK OBS BELVEDERE TOWER NY US,20130824,0,0,0,267,183,22
GHCND:USW00094728,NEW YORK CENTRAL PARK OBS BELVEDERE TOWER NY US,20130825,0,0,0,283,178,18
GHCND:USW00094728,NEW YORK CENTRAL PARK OBS BELVEDERE TOWER NY US,20130826,10,0,0,289,200,26
GHCND:USW00094728,NEW YORK CENTRAL PARK OBS BELVEDERE TOWER NY US,20130827,3,0,0,306,217,21
GHCND:USW00094728,NEW YORK CENTRAL PARK OBS BELVEDERE TOWER NY US,20130828,109,0,0,300,217,12
GHCND:USW00094728,NEW YORK CENTRAL PARK OBS BELVEDERE TOWER NY US,20130829,0,0,0,267,217,22
GHCND:USW00094728,NEW YORK CENTRAL PARK OBS BELVEDERE TOWER NY US,20130830,0,0,0,294,211,19
GHCND:USW00094728,NEW YORK CENTRAL PARK OBS BELVEDERE TOWER NY US,20130831,0,0,0,300,228,22
GHCND:USW00094728,NEW YORK CENTRAL PARK OBS BELVEDERE TOWER NY US,20130901,0,0,0,289,239,11
GHCND:USW00094728,NEW YORK CENTRAL PARK OBS BELVEDERE TOWER NY US,20130902,13,0,0,278,233,4
GHCND:USW00094728,NEW YORK CENTRAL PARK OBS BELVEDERE TOWER NY US,20130903,8,0,0,278,200,13
GHCND:USW00094728,NEW YORK CENTRAL PARK OBS BELVEDERE TOWER NY US,20130904,0,0,0,278,183,24
GHCND:USW00094728,NEW YORK CENTRAL PARK OBS BELVEDERE TOWER NY US,20130905,0,0,0,267,178,25
GHCND:USW00094728,NEW YORK CENTRAL PARK OBS BELVEDERE TOWER NY US,20130906,0,0,0,222,139,16
GHCND:USW00094728,NEW YORK CENTRAL PARK OBS BELVEDERE TOWER NY US,20130907,0,0,0,267,150,15
GHCND:USW00094728,NEW YORK CENTRAL PARK OBS BELVEDERE TOWER NY US,20130908,0,0,0,283,178,29
GHCND:USW00094728,NEW YORK CENTRAL PARK OBS BELVEDERE TOWER NY US,20130909,0,0,0,228,139,19
GHCND:USW00094728,NEW YORK CENTRAL PARK OBS BELVEDERE TOWER NY US,20130910,3,0,0,306,200,26
GHCND:USW00094728,NEW YORK CENTRAL PARK OBS BELVEDERE TOWER NY US,20130911,0,0,0,356,250,20
GHCND:USW00094728,NEW YORK CENTRAL PARK OBS BELVEDERE TOWER NY US,20130912,406,0,0,306,211,18
GHCND:USW00094728,NEW YORK CENTRAL PARK OBS BELVEDERE TOWER NY US,20130913,15,0,0,250,150,23
GHCND:USW00094728,NEW YORK CENTRAL PARK OBS BELVEDERE TOWER NY US,20130914,0,0,0,194,122,21
GHCND:USW00094728,NEW YORK CENTRAL PARK OBS BELVEDERE TOWER NY US,20130915,0,0,0,228,106,17
GHCND:USW00094728,NEW YORK CENTRAL PARK OBS BELVEDERE TOWER NY US,20130916,8,0,0,228,133,21
GHCND:USW00094728,NEW YORK CENTRAL PARK OBS BELVEDERE TOWER NY US,20130917,0,0,0,183,100,21
GHCND:USW00094728,NEW YORK CENTRAL PARK OBS BELVEDERE TOWER NY US,20130918,0,0,0,222,106,12
GHCND:USW00094728,NEW YORK CENTRAL PARK OBS BELVEDERE TOWER NY US,20130919,0,0,0,256,128,11
GHCND:USW00094728,NEW YORK CENTRAL PARK OBS BELVEDERE TOWER NY US,20130920,0,0,0,261,156,14
GHCND:USW00094728,NEW YORK CENTRAL PARK OBS BELVEDERE TOWER NY US,20130921,183,0,0,250,161,20
GHCND:USW00094728,NEW YORK CENTRAL PARK OBS BELVEDERE TOWER NY US,20130922,114,0,0,206,122,26
GHCND:USW00094728,NEW YORK CENTRAL PARK OBS BELVEDERE TOWER NY US,20130923,0,0,0,189,100,18
GHCND:USW00094728,NEW YORK CENTRAL PARK OBS BELVEDERE TOWER NY US,20130924,0,0,0,228,83,18
GHCND:USW00094728,NEW YORK CENTRAL PARK OBS BELVEDERE TOWER NY US,20130925,0,0,0,228,111,8
GHCND:USW00094728,NEW YORK CENTRAL PARK OBS BELVEDERE TOWER NY US,20130926,0,0,0,217,144,16
GHCND:USW00094728,NEW YORK CENTRAL PARK OBS BELVEDERE TOWER NY US,20130927,0,0,0,206,139,21
GHCND:USW00094728,NEW YORK CENTRAL PARK OBS BELVEDERE TOWER NY US,20130928,0,0,0,228,133,20
GHCND:USW00094728,NEW YORK CENTRAL PARK OBS BELVEDERE TOWER NY US,20130929,0,0,0,222,139,14
GHCND:USW00094728,NEW YORK CENTRAL PARK OBS BELVEDERE TOWER NY US,20130930,0,0,0,239,133,15
GHCND:USW00094728,NEW YORK CENTRAL PARK OBS BELVEDERE TOWER NY US,20131001,0,0,0,278,150,9
GHCND:USW00094728,NEW YORK CENTRAL PARK OBS BELVEDERE TOWER NY US,20131002,0,0,0,283,178,18
GHCND:USW00094728,NEW YORK CENTRAL PARK OBS BELVEDERE TOWER NY US,20131003,0,0,0,256,172,7
GHCND:USW00094728,NEW YORK CENTRAL PARK OBS BELVEDERE TOWER NY US,20131004,0,0,0,300,189,13
GHCND:USW00094728,NEW YORK CENTRAL PARK OBS BELVEDERE TOWER NY US,20131005,0,0,0,244,178,16
GHCND:USW00094728,NEW YORK CENTRAL PARK OBS BELVEDERE TOWER NY US,20131006,0,0,0,211,183,26
GHCND:USW00094728,NEW YORK CENTRAL PARK OBS BELVEDERE TOWER NY US,20131007,64,0,0,244,156,26
GHCND:USW00094728,NEW YORK CENTRAL PARK OBS BELVEDERE TOWER NY US,20131008,0,0,0,194,122,27
GHCND:USW00094728,NEW YORK CENTRAL PARK OBS BELVEDERE TOWER NY US,20131009,0,0,0,167,117,38
GHCND:USW00094728,NEW YORK CENTRAL PARK OBS BELVEDERE TOWER NY US,20131010,0,0,0,183,122,40
GHCND:USW00094728,NEW YORK CENTRAL PARK OBS BELVEDERE TOWER NY US,20131011,5,0,0,200,156,42
GHCND:USW00094728,NEW YORK CENTRAL PARK OBS BELVEDERE TOWER NY US,20131012,0,0,0,222,156,50
GHCND:USW00094728,NEW YORK CENTRAL PARK OBS BELVEDERE TOWER NY US,20131013,0,0,0,183,133,38
GHCND:USW00094728,NEW YORK CENTRAL PARK OBS BELVEDERE TOWER NY US,20131014,0,0,0,189,111,11
GHCND:USW00094728,NEW YORK CENTRAL PARK OBS BELVEDERE TOWER NY US,20131015,0,0,0,222,117,13
GHCND:USW00094728,NEW YORK CENTRAL PARK OBS BELVEDERE TOWER NY US,20131016,0,0,0,194,133,14
GHCND:USW00094728,NEW YORK CENTRAL PARK OBS BELVEDERE TOWER NY US,20131017,5,0,0,228,161,12
GHCND:USW00094728,NEW YORK CENTRAL PARK OBS BELVEDERE TOWER NY US,20131018,0,0,0,200,128,30
GHCND:USW00094728,NEW YORK CENTRAL PARK OBS BELVEDERE TOWER NY US,20131019,3,0,0,178,111,15
GHCND:USW00094728,NEW YORK CENTRAL PARK OBS BELVEDERE TOWER NY US,20131020,0,0,0,172,100,25
GHCND:USW00094728,NEW YORK CENTRAL PARK OBS BELVEDERE TOWER NY US,20131021,0,0,0,189,100,17
GHCND:USW00094728,NEW YORK CENTRAL PARK OBS BELVEDERE TOWER NY US,20131022,0,0,0,194,106,20
GHCND:USW00094728,NEW YORK CENTRAL PARK OBS BELVEDERE TOWER NY US,20131023,0,0,0,128,72,20
GHCND:USW00094728,NEW YORK CENTRAL PARK OBS BELVEDERE TOWER NY US,20131024,0,0,0,122,50,30
GHCND:USW00094728,NEW YORK CENTRAL PARK OBS BELVEDERE TOWER NY US,20131025,0,0,0,117,44,23
GHCND:USW00094728,NEW YORK CENTRAL PARK OBS BELVEDERE TOWER NY US,20131026,0,0,0,128,50,28
GHCND:USW00094728,NEW YORK CENTRAL PARK OBS BELVEDERE TOWER NY US,20131027,0,0,0,144,78,23
GHCND:USW00094728,NEW YORK CENTRAL PARK OBS BELVEDERE TOWER NY US,20131028,0,0,0,161,61,20
GHCND:USW00094728,NEW YORK CENTRAL PARK OBS BELVEDERE TOWER NY US,20131029,0,0,0,133,67,22
GHCND:USW00094728,NEW YORK CENTRAL PARK OBS BELVEDERE TOWER NY US,20131030,0,0,0,156,83,9
GHCND:USW00094728,NEW YORK CENTRAL PARK OBS BELVEDERE TOWER NY US,20131031,15,0,0,189,117,16
GHCND:USW00094728,NEW YORK CENTRAL PARK OBS BELVEDERE TOWER NY US,20131101,33,0,0,211,150,22
GHCND:USW00094728,NEW YORK CENTRAL PARK OBS BELVEDERE TOWER NY US,20131102,0,0,0,200,128,17
GHCND:USW00094728,NEW YORK CENTRAL PARK OBS BELVEDERE TOWER NY US,20131103,0,0,0,128,28,28
GHCND:USW00094728,NEW YORK CENTRAL PARK OBS BELVEDERE TOWER NY US,20131104,0,0,0,78,17,29
GHCND:USW00094728,NEW YORK CENTRAL PARK OBS BELVEDERE TOWER NY US,20131105,0,0,0,128,50,18
GHCND:USW00094728,NEW YORK CENTRAL PARK OBS BELVEDERE TOWER NY US,20131106,0,0,0,161,94,16
GHCND:USW00094728,NEW YORK CENTRAL PARK OBS BELVEDERE TOWER NY US,20131107,33,0,0,178,67,30
GHCND:USW00094728,NEW YORK CENTRAL PARK OBS BELVEDERE TOWER NY US,20131108,0,0,0,100,44,39
GHCND:USW00094728,NEW YORK CENTRAL PARK OBS BELVEDERE TOWER NY US,20131109,0,0,0,100,33,22
GHCND:USW00094728,NEW YORK CENTRAL PARK OBS BELVEDERE TOWER NY US,20131110,0,0,0,161,67,34
GHCND:USW00094728,NEW YORK CENTRAL PARK OBS BELVEDERE TOWER NY US,20131111,0,0,0,117,61,29
GHCND:USW00094728,NEW YORK CENTRAL PARK OBS BELVEDERE TOWER NY US,20131112,8,0,0,111,-5,28
GHCND:USW00094728,NEW YORK CENTRAL PARK OBS BELVEDERE TOWER NY US,20131113,0,0,0,39,-16,27
GHCND:USW00094728,NEW YORK CENTRAL PARK OBS BELVEDERE TOWER NY US,20131114,0,0,0,111,6,36
GHCND:USW00094728,NEW YORK CENTRAL PARK OBS BELVEDERE TOWER NY US,20131115,0,0,0,139,67,21
GHCND:USW00094728,NEW YORK CENTRAL PARK OBS BELVEDERE TOWER NY US,20131116,13,0,0,156,72,12
GHCND:USW00094728,NEW YORK CENTRAL PARK OBS BELVEDERE TOWER NY US,20131117,8,0,0,156,106,16
GHCND:USW00094728,NEW YORK CENTRAL PARK OBS BELVEDERE TOWER NY US,20131118,56,0,0,183,106,33
GHCND:USW00094728,NEW YORK CENTRAL PARK OBS BELVEDERE TOWER NY US,20131119,0,0,0,106,22,41
GHCND:USW00094728,NEW YORK CENTRAL PARK OBS BELVEDERE TOWER NY US,20131120,0,0,0,67,0,31
GHCND:USW00094728,NEW YORK CENTRAL PARK OBS BELVEDERE TOWER NY US,20131121,0,0,0,111,17,22
GHCND:USW00094728,NEW YORK CENTRAL PARK OBS BELVEDERE TOWER NY US,20131122,18,0,0,139,106,28
GHCND:USW00094728,NEW YORK CENTRAL PARK OBS BELVEDERE TOWER NY US,20131123,0,0,0,122,-5,43
GHCND:USW00094728,NEW YORK CENTRAL PARK OBS BELVEDERE TOWER NY US,20131124,0,0,0,-10,-49,54
GHCND:USW00094728,NEW YORK CENTRAL PARK OBS BELVEDERE TOWER NY US,20131125,0,0,0,17,-49,26
GHCND:USW00094728,NEW YORK CENTRAL PARK OBS BELVEDERE TOWER NY US,20131126,130,0,0,83,6,19
GHCND:USW00094728,NEW YORK CENTRAL PARK OBS BELVEDERE TOWER NY US,20131127,503,0,0,167,17,43
GHCND:USW00094728,NEW YORK CENTRAL PARK OBS BELVEDERE TOWER NY US,20131128,0,0,0,17,-10,32
GHCND:USW00094728,NEW YORK CENTRAL PARK OBS BELVEDERE TOWER NY US,20131129,0,0,0,39,-16,17
GHCND:USW00094728,NEW YORK CENTRAL PARK OBS BELVEDERE TOWER NY US,20131130,0,0,0,39,-38,23
GHCND:USW00094728,NEW YORK CENTRAL PARK OBS BELVEDERE TOWER NY US,20131201,0,0,0,94,22,8
GHCND:USW00094728,NEW YORK CENTRAL PARK OBS BELVEDERE TOWER NY US,20131202,0,0,0,94,50,14
GHCND:USW00094728,NEW YORK CENTRAL PARK OBS BELVEDERE TOWER NY US,20131203,0,0,0,117,33,14
GHCND:USW00094728,NEW YORK CENTRAL PARK OBS BELVEDERE TOWER NY US,20131204,0,0,0,111,50,13
GHCND:USW00094728,NEW YORK CENTRAL PARK OBS BELVEDERE TOWER NY US,20131205,3,0,0,156,89,11
GHCND:USW00094728,NEW YORK CENTRAL PARK OBS BELVEDERE TOWER NY US,20131206,185,0,0,167,28,26
GHCND:USW00094728,NEW YORK CENTRAL PARK OBS BELVEDERE TOWER NY US,20131207,36,0,0,50,0,27
GHCND:USW00094728,NEW YORK CENTRAL PARK OBS BELVEDERE TOWER NY US,20131208,20,0,18,6,-16,28
GHCND:USW00094728,NEW YORK CENTRAL PARK OBS BELVEDERE TOWER NY US,20131209,76,0,0,39,-5,30
GHCND:USW00094728,NEW YORK CENTRAL PARK OBS BELVEDERE TOWER NY US,20131210,58,0,36,28,-10,29
GHCND:USW00094728,NEW YORK CENTRAL PARK OBS BELVEDERE TOWER NY US,20131211,0,0,0,6,-27,34
GHCND:USW00094728,NEW YORK CENTRAL PARK OBS BELVEDERE TOWER NY US,20131212,0,0,0,-10,-49,33
GHCND:USW00094728,NEW YORK CENTRAL PARK OBS BELVEDERE TOWER NY US,20131213,0,0,0,17,-49,25
GHCND:USW00094728,NEW YORK CENTRAL PARK OBS BELVEDERE TOWER NY US,20131214,185,0,127,11,-55,45
GHCND:USW00094728,NEW YORK CENTRAL PARK OBS BELVEDERE TOWER NY US,20131215,183,80,0,44,-10,39
GHCND:USW00094728,NEW YORK CENTRAL PARK OBS BELVEDERE TOWER NY US,20131216,0,80,0,6,-38,35
GHCND:USW00094728,NEW YORK CENTRAL PARK OBS BELVEDERE TOWER NY US,20131217,48,80,38,0,-43,27
GHCND:USW00094728,NEW YORK CENTRAL PARK OBS BELVEDERE TOWER NY US,20131218,0,100,0,28,-49,30
GHCND:USW00094728,NEW YORK CENTRAL PARK OBS BELVEDERE TOWER NY US,20131219,0,80,0,83,-10,22
GHCND:USW00094728,NEW YORK CENTRAL PARK OBS BELVEDERE TOWER NY US,20131220,0,80,0,117,50,23
GHCND:USW00094728,NEW YORK CENTRAL PARK OBS BELVEDERE TOWER NY US,20131221,3,30,0,183,106,35
GHCND:USW00094728,NEW YORK CENTRAL PARK OBS BELVEDERE TOWER NY US,20131222,0,0,0,217,161,25
GHCND:USW00094728,NEW YORK CENTRAL PARK OBS BELVEDERE TOWER NY US,20131223,130,0,0,178,56,21
GHCND:USW00094728,NEW YORK CENTRAL PARK OBS BELVEDERE TOWER NY US,20131224,0,0,0,56,-32,37
GHCND:USW00094728,NEW YORK CENTRAL PARK OBS BELVEDERE TOWER NY US,20131225,0,0,0,-5,-71,21
GHCND:USW00094728,NEW YORK CENTRAL PARK OBS BELVEDERE TOWER NY US,20131226,0,0,0,22,-10,24
GHCND:USW00094728,NEW YORK CENTRAL PARK OBS BELVEDERE TOWER NY US,20131227,0,0,0,44,-5,26
GHCND:USW00094728,NEW YORK CENTRAL PARK OBS BELVEDERE TOWER NY US,20131228,0,0,0,128,22,32
GHCND:USW00094728,NEW YORK CENTRAL PARK OBS BELVEDERE TOWER NY US,20131229,305,0,0,89,50,27
GHCND:USW00094728,NEW YORK CENTRAL PARK OBS BELVEDERE TOWER NY US,20131230,0,0,0,72,-49,28
GHCND:USW00094728,NEW YORK CENTRAL PARK OBS BELVEDERE TOWER NY US,20131231,0,0,0,0,-60,26
GHCND:USW00094728,NEW YORK CENTRAL PARK OBS BELVEDERE TOWER NY US,20140101,0,0,0,6,-43,25
GHCND:USW00094728,NEW YORK CENTRAL PARK OBS BELVEDERE TOWER NY US,20140102,84,0,79,6,-77,55
GHCND:USW00094728,NEW YORK CENTRAL PARK OBS BELVEDERE TOWER NY US,20140103,74,150,84,-77,-127,47
GHCND:USW00094728,NEW YORK CENTRAL PARK OBS BELVEDERE TOWER NY US,20140104,0,150,0,-16,-132,22
GHCND:USW00094728,NEW YORK CENTRAL PARK OBS BELVEDERE TOWER NY US,20140105,36,100,0,44,-27,17
GHCND:USW00094728,NEW YORK CENTRAL PARK OBS BELVEDERE TOWER NY US,20140106,91,30,0,128,-71,38
GHCND:USW00094728,NEW YORK CENTRAL PARK OBS BELVEDERE TOWER NY US,20140107,0,0,0,-71,-155,59
GHCND:USW00094728,NEW YORK CENTRAL PARK OBS BELVEDERE TOWER NY US,20140108,0,0,0,-55,-127,32
GHCND:USW00094728,NEW YORK CENTRAL PARK OBS BELVEDERE TOWER NY US,20140109,0,0,0,0,-55,13
GHCND:USW00094728,NEW YORK CENTRAL PARK OBS BELVEDERE TOWER NY US,20140110,28,0,0,28,-10,15
GHCND:USW00094728,NEW YORK CENTRAL PARK OBS BELVEDERE TOWER NY US,20140111,127,0,0,144,28,32
GHCND:USW00094728,NEW YORK CENTRAL PARK OBS BELVEDERE TOWER NY US,20140112,13,0,0,122,33,37
GHCND:USW00094728,NEW YORK CENTRAL PARK OBS BELVEDERE TOWER NY US,20140113,0,0,0,106,28,23
GHCND:USW00094728,NEW YORK CENTRAL PARK OBS BELVEDERE TOWER NY US,20140114,97,0,0,111,67,22
GHCND:USW00094728,NEW YORK CENTRAL PARK OBS BELVEDERE TOWER NY US,20140115,0,0,0,83,39,13
GHCND:USW00094728,NEW YORK CENTRAL PARK OBS BELVEDERE TOWER NY US,20140116,0,0,0,56,22,18
GHCND:USW00094728,NEW YORK CENTRAL PARK OBS BELVEDERE TOWER NY US,20140117,0,0,0,67,6,16
GHCND:USW00094728,NEW YORK CENTRAL PARK OBS BELVEDERE TOWER NY US,20140118,18,0,0,50,-16,32
GHCND:USW00094728,NEW YORK CENTRAL PARK OBS BELVEDERE TOWER NY US,20140119,0,0,0,33,-43,33
GHCND:USW00094728,NEW YORK CENTRAL PARK OBS BELVEDERE TOWER NY US,20140120,0,0,0,78,-5,33
GHCND:USW00094728,NEW YORK CENTRAL PARK OBS BELVEDERE TOWER NY US,20140121,117,0,279,-5,-116,47
GHCND:USW00094728,NEW YORK CENTRAL PARK OBS BELVEDERE TOWER NY US,20140122,5,280,13,-82,-149,39
GHCND:USW00094728,NEW YORK CENTRAL PARK OBS BELVEDERE TOWER NY US,20140123,0,180,0,-66,-138,32
GHCND:USW00094728,NEW YORK CENTRAL PARK OBS BELVEDERE TOWER NY US,20140124,0,150,0,-66,-121,36
GHCND:USW00094728,NEW YORK CENTRAL PARK OBS BELVEDERE TOWER NY US,20140125,10,100,25,-21,-71,34
GHCND:USW00094728,NEW YORK CENTRAL PARK OBS BELVEDERE TOWER NY US,20140126,0,100,0,11,-82,-9999
GHCND:USW00094728,NEW YORK CENTRAL PARK OBS BELVEDERE TOWER NY US,20140127,0,80,0,67,-60,35
GHCND:USW00094728,NEW YORK CENTRAL PARK OBS BELVEDERE TOWER NY US,20140128,0,30,0,-60,-110,27
GHCND:USW00094728,NEW YORK CENTRAL PARK OBS BELVEDERE TOWER NY US,20140129,10,50,20,-49,-99,29
GHCND:USW00094728,NEW YORK CENTRAL PARK OBS BELVEDERE TOWER NY US,20140130,0,25,0,-10,-88,17
GHCND:USW00094728,NEW YORK CENTRAL PARK OBS BELVEDERE TOWER NY US,20140131,0,30,0,39,-38,22
GHCND:USW00094728,NEW YORK CENTRAL PARK OBS BELVEDERE TOWER NY US,20140201,0,30,0,72,22,16
GHCND:USW00094728,NEW YORK CENTRAL PARK OBS BELVEDERE TOWER NY US,20140202,0,30,0,133,39,14
GHCND:USW00094728,NEW YORK CENTRAL PARK OBS BELVEDERE TOWER NY US,20140203,297,30,203,61,-27,30
GHCND:USW00094728,NEW YORK CENTRAL PARK OBS BELVEDERE TOWER NY US,20140204,0,200,0,17,-55,10
GHCND:USW00094728,NEW YORK CENTRAL PARK OBS BELVEDERE TOWER NY US,20140205,363,230,102,11,-16,32
GHCND:USW00094728,NEW YORK CENTRAL PARK OBS BELVEDERE TOWER NY US,20140206,0,230,0,0,-60,18
GHCND:USW00094728,NEW YORK CENTRAL PARK OBS BELVEDERE TOWER NY US,20140207,0,230,0,0,-43,30
GHCND:USW00094728,NEW YORK CENTRAL PARK OBS BELVEDERE TOWER NY US,20140208,0,230,0,-16,-60,22
GHCND:USW00094728,NEW YORK CENTRAL PARK OBS BELVEDERE TOWER NY US,20140209,25,200,30,-5,-60,16
GHCND:USW00094728,NEW YORK CENTRAL PARK OBS BELVEDERE TOWER NY US,20140210,0,250,0,-16,-60,32
GHCND:USW00094728,NEW YORK CENTRAL PARK OBS BELVEDERE TOWER NY US,20140211,0,250,0,-32,-88,24
GHCND:USW00094728,NEW YORK CENTRAL PARK OBS BELVEDERE TOWER NY US,20140212,0,250,0,-38,-105,26
GHCND:USW00094728,NEW YORK CENTRAL PARK OBS BELVEDERE TOWER NY US,20140213,452,300,241,22,-43,56
GHCND:USW00094728,NEW YORK CENTRAL PARK OBS BELVEDERE TOWER NY US,20140214,76,460,76,44,-5,47
GHCND:USW00094728,NEW YORK CENTRAL PARK OBS BELVEDERE TOWER NY US,20140215,33,460,41,28,-27,42
GHCND:USW00094728,NEW YORK CENTRAL PARK OBS BELVEDERE TOWER NY US,20140216,0,460,0,-10,-60,40
GHCND:USW00094728,NEW YORK CENTRAL PARK OBS BELVEDERE TOWER NY US,20140217,0,430,0,0,-77,24
GHCND:USW00094728,NEW YORK CENTRAL PARK OBS BELVEDERE TOWER NY US,20140218,41,460,38,39,-32,23
GHCND:USW00094728,NEW YORK CENTRAL PARK OBS BELVEDERE TOWER NY US,20140219,66,430,0,72,11,23
GHCND:USW00094728,NEW YORK CENTRAL PARK OBS BELVEDERE TOWER NY US,20140220,8,380,0,106,28,22
GHCND:USW00094728,NEW YORK CENTRAL PARK OBS BELVEDERE TOWER NY US,20140221,23,330,0,94,22,33
GHCND:USW00094728,NEW YORK CENTRAL PARK OBS BELVEDERE TOWER NY US,20140222,0,250,0,122,44,32
GHCND:USW00094728,NEW YORK CENTRAL PARK OBS BELVEDERE TOWER NY US,20140223,0,230,0,122,61,24
GHCND:USW00094728,NEW YORK CENTRAL PARK OBS BELVEDERE TOWER NY US,20140224,0,150,0,67,-27,42
GHCND:USW00094728,NEW YORK CENTRAL PARK OBS BELVEDERE TOWER NY US,20140225,0,150,0,6,-43,31
GHCND:USW00094728,NEW YORK CENTRAL PARK OBS BELVEDERE TOWER NY US,20140226,8,150,5,-5,-66,24
GHCND:USW00094728,NEW YORK CENTRAL PARK OBS BELVEDERE TOWER NY US,20140227,0,150,0,11,-99,38
GHCND:USW00094728,NEW YORK CENTRAL PARK OBS BELVEDERE TOWER NY US,20140228,0,150,0,-43,-127,21
GHCND:USW00094728,NEW YORK CENTRAL PARK OBS BELVEDERE TOWER NY US,20140301,0,150,0,28,-66,20
GHCND:USW00094728,NEW YORK CENTRAL PARK OBS BELVEDERE TOWER NY US,20140302,0,130,0,44,0,17
GHCND:USW00094728,NEW YORK CENTRAL PARK OBS BELVEDERE TOWER NY US,20140303,10,130,3,0,-82,30
GHCND:USW00094728,NEW YORK CENTRAL PARK OBS BELVEDERE TOWER NY US,20140304,0,130,0,-16,-105,21
GHCND:USW00094728,NEW YORK CENTRAL PARK OBS BELVEDERE TOWER NY US,20140305,0,100,0,39,-32,23
GHCND:USW00094728,NEW YORK CENTRAL PARK OBS BELVEDERE TOWER NY US,20140306,0,100,0,-5,-88,38
GHCND:USW00094728,NEW YORK CENTRAL PARK OBS BELVEDERE TOWER NY US,20140307,0,100,0,28,-32,35
GHCND:USW00094728,NEW YORK CENTRAL PARK OBS BELVEDERE TOWER NY US,20140308,0,80,0,139,17,26
GHCND:USW00094728,NEW YORK CENTRAL PARK OBS BELVEDERE TOWER NY US,20140309,0,50,0,67,22,28
GHCND:USW00094728,NEW YORK CENTRAL PARK OBS BELVEDERE TOWER NY US,20140310,0,30,0,106,22,24
GHCND:USW00094728,NEW YORK CENTRAL PARK OBS BELVEDERE TOWER NY US,20140311,0,0,0,189,72,21
GHCND:USW00094728,NEW YORK CENTRAL PARK OBS BELVEDERE TOWER NY US,20140312,89,0,0,133,0,24
GHCND:USW00094728,NEW YORK CENTRAL PARK OBS BELVEDERE TOWER NY US,20140313,0,0,0,0,-77,63
GHCND:USW00094728,NEW YORK CENTRAL PARK OBS BELVEDERE TOWER NY US,20140314,0,0,0,78,-55,25
GHCND:USW00094728,NEW YORK CENTRAL PARK OBS BELVEDERE TOWER NY US,20140315,0,0,0,144,56,40
GHCND:USW00094728,NEW YORK CENTRAL PARK OBS BELVEDERE TOWER NY US,20140316,0,0,0,56,-10,34
GHCND:USW00094728,NEW YORK CENTRAL PARK OBS BELVEDERE TOWER NY US,20140317,0,0,0,17,-49,36
GHCND:USW00094728,NEW YORK CENTRAL PARK OBS BELVEDERE TOWER NY US,20140318,0,0,0,61,-21,31
GHCND:USW00094728,NEW YORK CENTRAL PARK OBS BELVEDERE TOWER NY US,20140319,234,0,0,78,0,32
GHCND:USW00094728,NEW YORK CENTRAL PARK OBS BELVEDERE TOWER NY US,20140320,0,0,0,122,44,36
GHCND:USW00094728,NEW YORK CENTRAL PARK OBS BELVEDERE TOWER NY US,20140321,0,0,0,106,39,34
GHCND:USW00094728,NEW YORK CENTRAL PARK OBS BELVEDERE TOWER NY US,20140322,0,0,0,172,50,31
GHCND:USW00094728,NEW YORK CENTRAL PARK OBS BELVEDERE TOWER NY US,20140323,0,0,0,56,-27,33
GHCND:USW00094728,NEW YORK CENTRAL PARK OBS BELVEDERE TOWER NY US,20140324,0,0,0,17,-60,30
GHCND:USW00094728,NEW YORK CENTRAL PARK OBS BELVEDERE TOWER NY US,20140325,0,0,0,39,-32,26
GHCND:USW00094728,NEW YORK CENTRAL PARK OBS BELVEDERE TOWER NY US,20140326,0,0,0,22,-43,53
GHCND:USW00094728,NEW YORK CENTRAL PARK OBS BELVEDERE TOWER NY US,20140327,0,0,0,67,-55,30
GHCND:USW00094728,NEW YORK CENTRAL PARK OBS BELVEDERE TOWER NY US,20140328,10,0,0,167,28,24
GHCND:USW00094728,NEW YORK CENTRAL PARK OBS BELVEDERE TOWER NY US,20140329,460,0,0,150,61,48
GHCND:USW00094728,NEW YORK CENTRAL PARK OBS BELVEDERE TOWER NY US,20140330,89,0,0,94,39,45
GHCND:USW00094728,NEW YORK CENTRAL PARK OBS BELVEDERE TOWER NY US,20140331,41,0,0,133,22,37
GHCND:USW00094728,NEW YORK CENTRAL PARK OBS BELVEDERE TOWER NY US,20140401,0,0,0,156,39,21
GHCND:USW00094728,NEW YORK CENTRAL PARK OBS BELVEDERE TOWER NY US,20140402,0,0,0,122,56,9
GHCND:USW00094728,NEW YORK CENTRAL PARK OBS BELVEDERE TOWER NY US,20140403,18,0,0,194,78,17
GHCND:USW00094728,NEW YORK CENTRAL PARK OBS BELVEDERE TOWER NY US,20140404,53,0,0,83,44,38
GHCND:USW00094728,NEW YORK CENTRAL PARK OBS BELVEDERE TOWER NY US,20140405,0,0,0,122,44,38
GHCND:USW00094728,NEW YORK CENTRAL PARK OBS BELVEDERE TOWER NY US,20140406,0,0,0,161,22,19
GHCND:USW00094728,NEW YORK CENTRAL PARK OBS BELVEDERE TOWER NY US,20140407,132,0,0,117,61,27
GHCND:USW00094728,NEW YORK CENTRAL PARK OBS BELVEDERE TOWER NY US,20140408,86,0,0,178,78,31
GHCND:USW00094728,NEW YORK CENTRAL PARK OBS BELVEDERE TOWER NY US,20140409,0,0,0,161,72,31
GHCND:USW00094728,NEW YORK CENTRAL PARK OBS BELVEDERE TOWER NY US,20140410,0,0,0,144,56,31
GHCND:USW00094728,NEW YORK CENTRAL PARK OBS BELVEDERE TOWER NY US,20140411,0,0,0,239,133,26
GHCND:USW00094728,NEW YORK CENTRAL PARK OBS BELVEDERE TOWER NY US,20140412,0,0,0,228,100,19
GHCND:USW00094728,NEW YORK CENTRAL PARK OBS BELVEDERE TOWER NY US,20140413,0,0,0,250,122,26
GHCND:USW00094728,NEW YORK CENTRAL PARK OBS BELVEDERE TOWER NY US,20140414,0,0,0,239,150,33
GHCND:USW00094728,NEW YORK CENTRAL PARK OBS BELVEDERE TOWER NY US,20140415,180,0,0,172,6,39
GHCND:USW00094728,NEW YORK CENTRAL PARK OBS BELVEDERE TOWER NY US,20140416,13,0,0,94,-5,34
GHCND:USW00094728,NEW YORK CENTRAL PARK OBS BELVEDERE TOWER NY US,20140417,0,0,0,89,22,35
GHCND:USW00094728,NEW YORK CENTRAL PARK OBS BELVEDERE TOWER NY US,20140418,0,0,0,94,17,24
GHCND:USW00094728,NEW YORK CENTRAL PARK OBS BELVEDERE TOWER NY US,20140419,0,0,0,200,50,25
GHCND:USW00094728,NEW YORK CENTRAL PARK OBS BELVEDERE TOWER NY US,20140420,0,0,0,156,72,28
GHCND:USW00094728,NEW YORK CENTRAL PARK OBS BELVEDERE TOWER NY US,20140421,0,0,0,194,50,19
GHCND:USW00094728,NEW YORK CENTRAL PARK OBS BELVEDERE TOWER NY US,20140422,3,0,0,217,106,25
GHCND:USW00094728,NEW YORK CENTRAL PARK OBS BELVEDERE TOWER NY US,20140423,0,0,0,161,67,42
GHCND:USW00094728,NEW YORK CENTRAL PARK OBS BELVEDERE TOWER NY US,20140424,0,0,0,167,56,38
GHCND:USW00094728,NEW YORK CENTRAL PARK OBS BELVEDERE TOWER NY US,20140425,5,0,0,172,67,22
GHCND:USW00094728,NEW YORK CENTRAL PARK OBS BELVEDERE TOWER NY US,20140426,234,0,0,194,78,24
GHCND:USW00094728,NEW YORK CENTRAL PARK OBS BELVEDERE TOWER NY US,20140427,0,0,0,150,83,26
GHCND:USW00094728,NEW YORK CENTRAL PARK OBS BELVEDERE TOWER NY US,20140428,0,0,0,194,72,19
GHCND:USW00094728,NEW YORK CENTRAL PARK OBS BELVEDERE TOWER NY US,20140429,8,0,0,111,61,40
GHCND:USW00094728,NEW YORK CENTRAL PARK OBS BELVEDERE TOWER NY US,20140430,1262,0,0,111,50,37
GHCND:USW00094728,NEW YORK CENTRAL PARK OBS BELVEDERE TOWER NY US,20140501,30,0,0,256,106,20
GHCND:USW00094728,NEW YORK CENTRAL PARK OBS BELVEDERE TOWER NY US,20140502,0,0,0,211,133,20
GHCND:USW00094728,NEW YORK CENTRAL PARK OBS BELVEDERE TOWER NY US,20140503,20,0,0,217,122,15
GHCND:USW00094728,NEW YORK CENTRAL PARK OBS BELVEDERE TOWER NY US,20140504,5,0,0,183,122,37
GHCND:USW00094728,NEW YORK CENTRAL PARK OBS BELVEDERE TOWER NY US,20140505,0,0,0,211,100,33
GHCND:USW00094728,NEW YORK CENTRAL PARK OBS BELVEDERE TOWER NY US,20140506,0,0,0,217,111,17
GHCND:USW00094728,NEW YORK CENTRAL PARK OBS BELVEDERE TOWER NY US,20140507,0,0,0,206,100,18
GHCND:USW00094728,NEW YORK CENTRAL PARK OBS BELVEDERE TOWER NY US,20140508,104,0,0,150,117,20
GHCND:USW00094728,NEW YORK CENTRAL PARK OBS BELVEDERE TOWER NY US,20140509,10,0,0,172,128,14
GHCND:USW00094728,NEW YORK CENTRAL PARK OBS BELVEDERE TOWER NY US,20140510,94,0,0,283,139,20
GHCND:USW00094728,NEW YORK CENTRAL PARK OBS BELVEDERE TOWER NY US,20140511,8,0,0,278,156,14
GHCND:USW00094728,NEW YORK CENTRAL PARK OBS BELVEDERE TOWER NY US,20140512,0,0,0,294,178,8
GHCND:USW00094728,NEW YORK CENTRAL PARK OBS BELVEDERE TOWER NY US,20140513,0,0,0,228,117,32
GHCND:USW00094728,NEW YORK CENTRAL PARK OBS BELVEDERE TOWER NY US,20140514,3,0,0,217,111,21
GHCND:USW00094728,NEW YORK CENTRAL PARK OBS BELVEDERE TOWER NY US,20140515,38,0,0,217,144,24
GHCND:USW00094728,NEW YORK CENTRAL PARK OBS BELVEDERE TOWER NY US,20140516,391,0,0,200,144,29
GHCND:USW00094728,NEW YORK CENTRAL PARK OBS BELVEDERE TOWER NY US,20140517,0,0,0,211,117,22
GHCND:USW00094728,NEW YORK CENTRAL PARK OBS BELVEDERE TOWER NY US,20140518,0,0,0,194,106,26
GHCND:USW00094728,NEW YORK CENTRAL PARK OBS BELVEDERE TOWER NY US,20140519,0,0,0,222,94,21
GHCND:USW00094728,NEW YORK CENTRAL PARK OBS BELVEDERE TOWER NY US,20140520,0,0,0,256,117,14
GHCND:USW00094728,NEW YORK CENTRAL PARK OBS BELVEDERE TOWER NY US,20140521,0,0,0,233,172,11
GHCND:USW00094728,NEW YORK CENTRAL PARK OBS BELVEDERE TOWER NY US,20140522,61,0,0,194,150,14
GHCND:USW00094728,NEW YORK CENTRAL PARK OBS BELVEDERE TOWER NY US,20140523,231,0,0,217,133,19
GHCND:USW00094728,NEW YORK CENTRAL PARK OBS BELVEDERE TOWER NY US,20140524,102,0,0,211,139,16
GHCND:USW00094728,NEW YORK CENTRAL PARK OBS BELVEDERE TOWER NY US,20140525,0,0,0,267,128,9
GHCND:USW00094728,NEW YORK CENTRAL PARK OBS BELVEDERE TOWER NY US,20140526,0,0,0,300,189,22
GHCND:USW00094728,NEW YORK CENTRAL PARK OBS BELVEDERE TOWER NY US,20140527,0,0,0,300,178,19
GHCND:USW00094728,NEW YORK CENTRAL PARK OBS BELVEDERE TOWER NY US,20140528,0,0,0,178,122,34
GHCND:USW00094728,NEW YORK CENTRAL PARK OBS BELVEDERE TOWER NY US,20140529,0,0,0,189,106,19
GHCND:USW00094728,NEW YORK CENTRAL PARK OBS BELVEDERE TOWER NY US,20140530,0,0,0,239,128,11
GHCND:USW00094728,NEW YORK CENTRAL PARK OBS BELVEDERE TOWER NY US,20140531,13,0,0,228,139,26
GHCND:USW00094728,NEW YORK CENTRAL PARK OBS BELVEDERE TOWER NY US,20140601,0,0,0,250,128,16
GHCND:USW00094728,NEW YORK CENTRAL PARK OBS BELVEDERE TOWER NY US,20140602,0,0,0,267,150,20
GHCND:USW00094728,NEW YORK CENTRAL PARK OBS BELVEDERE TOWER NY US,20140603,30,0,0,306,183,18
GHCND:USW00094728,NEW YORK CENTRAL PARK OBS BELVEDERE TOWER NY US,20140604,0,0,0,278,172,16
GHCND:USW00094728,NEW YORK CENTRAL PARK OBS BELVEDERE TOWER NY US,20140605,221,0,0,244,161,25
GHCND:USW00094728,NEW YORK CENTRAL PARK OBS BELVEDERE TOWER NY US,20140606,0,0,0,244,161,20
GHCND:USW00094728,NEW YORK CENTRAL PARK OBS BELVEDERE TOWER NY US,20140607,0,0,0,278,156,13
GHCND:USW00094728,NEW YORK CENTRAL PARK OBS BELVEDERE TOWER NY US,20140608,0,0,0,300,189,13
GHCND:USW00094728,NEW YORK CENTRAL PARK OBS BELVEDERE TOWER NY US,20140609,406,0,0,228,172,19
GHCND:USW00094728,NEW YORK CENTRAL PARK OBS BELVEDERE TOWER NY US,20140610,0,0,0,250,183,15
GHCND:USW00094728,NEW YORK CENTRAL PARK OBS BELVEDERE TOWER NY US,20140611,5,0,0,211,161,32
GHCND:USW00094728,NEW YORK CENTRAL PARK OBS BELVEDERE TOWER NY US,20140612,18,0,0,228,156,25
GHCND:USW00094728,NEW YORK CENTRAL PARK OBS BELVEDERE TOWER NY US,20140613,325,0,0,261,183,16
GHCND:USW00094728,NEW YORK CENTRAL PARK OBS BELVEDERE TOWER NY US,20140614,0,0,0,233,156,21
GHCND:USW00094728,NEW YORK CENTRAL PARK OBS BELVEDERE TOWER NY US,20140615,0,0,0,267,150,19
GHCND:USW00094728,NEW YORK CENTRAL PARK OBS BELVEDERE TOWER NY US,20140616,0,0,0,272,172,13
GHCND:USW00094728,NEW YORK CENTRAL PARK OBS BELVEDERE TOWER NY US,20140617,0,0,0,317,217,18
GHCND:USW00094728,NEW YORK CENTRAL PARK OBS BELVEDERE TOWER NY US,20140618,0,0,0,317,244,26
GHCND:USW00094728,NEW YORK CENTRAL PARK OBS BELVEDERE TOWER NY US,20140619,38,0,0,250,200,17
GHCND:USW00094728,NEW YORK CENTRAL PARK OBS BELVEDERE TOWER NY US,20140620,0,0,0,261,178,20
GHCND:USW00094728,NEW YORK CENTRAL PARK OBS BELVEDERE TOWER NY US,20140621,0,0,0,256,167,22
GHCND:USW00094728,NEW YORK CENTRAL PARK OBS BELVEDERE TOWER NY US,20140622,0,0,0,261,178,9
GHCND:USW00094728,NEW YORK CENTRAL PARK OBS BELVEDERE TOWER NY US,20140623,0,0,0,272,183,12
GHCND:USW00094728,NEW YORK CENTRAL PARK OBS BELVEDERE TOWER NY US,20140624,0,0,0,272,200,22
GHCND:USW00094728,NEW YORK CENTRAL PARK OBS BELVEDERE TOWER NY US,20140625,20,0,0,294,211,22
GHCND:USW00094728,NEW YORK CENTRAL PARK OBS BELVEDERE TOWER NY US,20140626,18,0,0,294,211,21
GHCND:USW00094728,NEW YORK CENTRAL PARK OBS BELVEDERE TOWER NY US,20140627,0,0,0,283,194,13
GHCND:USW00094728,NEW YORK CENTRAL PARK OBS BELVEDERE TOWER NY US,20140628,0,0,0,306,189,13
GHCND:USW00094728,NEW YORK CENTRAL PARK OBS BELVEDERE TOWER NY US,20140629,0,0,0,283,200,12
GHCND:USW00094728,NEW YORK CENTRAL PARK OBS BELVEDERE TOWER NY US,20140630,0,0,0,289,206,12
GHCND:USW00094728,NEW YORK CENTRAL PARK OBS BELVEDERE TOWER NY US,20140701,0,0,0,317,222,23
GHCND:USW00094728,NEW YORK CENTRAL PARK OBS BELVEDERE TOWER NY US,20140702,244,0,0,328,222,17
GHCND:USW00094728,NEW YORK CENTRAL PARK OBS BELVEDERE TOWER NY US,20140703,452,0,0,306,206,13
GHCND:USW00094728,NEW YORK CENTRAL PARK OBS BELVEDERE TOWER NY US,20140704,36,0,0,233,183,24
GHCND:USW00094728,NEW YORK CENTRAL PARK OBS BELVEDERE TOWER NY US,20140705,0,0,0,272,172,30
GHCND:USW00094728,NEW YORK CENTRAL PARK OBS BELVEDERE TOWER NY US,20140706,0,0,0,289,189,22
GHCND:USW00094728,NEW YORK CENTRAL PARK OBS BELVEDERE TOWER NY US,20140707,10,0,0,322,222,26
GHCND:USW00094728,NEW YORK CENTRAL PARK OBS BELVEDERE TOWER NY US,20140708,99,0,0,328,217,21
GHCND:USW00094728,NEW YORK CENTRAL PARK OBS BELVEDERE TOWER NY US,20140709,23,0,0,311,217,19
GHCND:USW00094728,NEW YORK CENTRAL PARK OBS BELVEDERE TOWER NY US,20140710,0,0,0,283,222,13
GHCND:USW00094728,NEW YORK CENTRAL PARK OBS BELVEDERE TOWER NY US,20140711,0,0,0,300,217,18
GHCND:USW00094728,NEW YORK CENTRAL PARK OBS BELVEDERE TOWER NY US,20140712,0,0,0,294,217,15
GHCND:USW00094728,NEW YORK CENTRAL PARK OBS BELVEDERE TOWER NY US,20140713,8,0,0,283,222,23
GHCND:USW00094728,NEW YORK CENTRAL PARK OBS BELVEDERE TOWER NY US,20140714,117,0,0,289,222,20
GHCND:USW00094728,NEW YORK CENTRAL PARK OBS BELVEDERE TOWER NY US,20140715,330,0,0,300,222,12
GHCND:USW00094728,NEW YORK CENTRAL PARK OBS BELVEDERE TOWER NY US,20140716,0,0,0,272,200,17
GHCND:USW00094728,NEW YORK CENTRAL PARK OBS BELVEDERE TOWER NY US,20140717,0,0,0,272,194,18
GHCND:USW00094728,NEW YORK CENTRAL PARK OBS BELVEDERE TOWER NY US,20140718,0,0,0,272,178,18
GHCND:USW00094728,NEW YORK CENTRAL PARK OBS BELVEDERE TOWER NY US,20140719,0,0,0,244,200,23
GHCND:USW00094728,NEW YORK CENTRAL PARK OBS BELVEDERE TOWER NY US,20140720,0,0,0,267,189,18
GHCND:USW00094728,NEW YORK CENTRAL PARK OBS BELVEDERE TOWER NY US,20140721,0,0,0,294,194,9
GHCND:USW00094728,NEW YORK CENTRAL PARK OBS BELVEDERE TOWER NY US,20140722,0,0,0,300,217,17
GHCND:USW00094728,NEW YORK CENTRAL PARK OBS BELVEDERE TOWER NY US,20140723,48,0,0,311,222,22
GHCND:USW00094728,NEW YORK CENTRAL PARK OBS BELVEDERE TOWER NY US,20140724,0,0,0,267,211,22
GHCND:USW00094728,NEW YORK CENTRAL PARK OBS BELVEDERE TOWER NY US,20140725,0,0,0,278,189,19
GHCND:USW00094728,NEW YORK CENTRAL PARK OBS BELVEDERE TOWER NY US,20140726,0,0,0,272,206,19
GHCND:USW00094728,NEW YORK CENTRAL PARK OBS BELVEDERE TOWER NY US,20140727,5,0,0,294,217,15
GHCND:USW00094728,NEW YORK CENTRAL PARK OBS BELVEDERE TOWER NY US,20140728,48,0,0,278,200,33
GHCND:USW00094728,NEW YORK CENTRAL PARK OBS BELVEDERE TOWER NY US,20140729,0,0,0,244,178,22
GHCND:USW00094728,NEW YORK CENTRAL PARK OBS BELVEDERE TOWER NY US,20140730,0,0,0,267,172,13
GHCND:USW00094728,NEW YORK CENTRAL PARK OBS BELVEDERE TOWER NY US,20140731,0,0,0,278,200,15
GHCND:USW00094728,NEW YORK CENTRAL PARK OBS BELVEDERE TOWER NY US,20140801,0,0,0,289,217,17
GHCND:USW00094728,NEW YORK CENTRAL PARK OBS BELVEDERE TOWER NY US,20140802,104,0,0,233,172,27
GHCND:USW00094728,NEW YORK CENTRAL PARK OBS BELVEDERE TOWER NY US,20140803,18,0,0,244,189,10
GHCND:USW00094728,NEW YORK CENTRAL PARK OBS BELVEDERE TOWER NY US,20140804,0,0,0,289,211,15
GHCND:USW00094728,NEW YORK CENTRAL PARK OBS BELVEDERE TOWER NY US,20140805,0,0,0,322,217,11
GHCND:USW00094728,NEW YORK CENTRAL PARK OBS BELVEDERE TOWER NY US,20140806,0,0,0,283,211,13
GHCND:USW00094728,NEW YORK CENTRAL PARK OBS BELVEDERE TOWER NY US,20140807,0,0,0,283,189,19
GHCND:USW00094728,NEW YORK CENTRAL PARK OBS BELVEDERE TOWER NY US,20140808,0,0,0,283,183,14
GHCND:USW00094728,NEW YORK CENTRAL PARK OBS BELVEDERE TOWER NY US,20140809,0,0,0,306,189,13
GHCND:USW00094728,NEW YORK CENTRAL PARK OBS BELVEDERE TOWER NY US,20140810,0,0,0,311,200,13
GHCND:USW00094728,NEW YORK CENTRAL PARK OBS BELVEDERE TOWER NY US,20140811,0,0,0,306,217,14
GHCND:USW00094728,NEW YORK CENTRAL PARK OBS BELVEDERE TOWER NY US,20140812,48,0,0,261,211,26
GHCND:USW00094728,NEW YORK CENTRAL PARK OBS BELVEDERE TOWER NY US,20140813,135,0,0,278,200,25
GHCND:USW00094728,NEW YORK CENTRAL PARK OBS BELVEDERE TOWER NY US,20140814,0,0,0,250,172,21
GHCND:USW00094728,NEW YORK CENTRAL PARK OBS BELVEDERE TOWER NY US,20140815,0,0,0,228,161,24
GHCND:USW00094728,NEW YORK CENTRAL PARK OBS BELVEDERE TOWER NY US,20140816,0,0,0,256,172,18
GHCND:USW00094728,NEW YORK CENTRAL PARK OBS BELVEDERE TOWER NY US,20140817,3,0,0,278,189,16
GHCND:USW00094728,NEW YORK CENTRAL PARK OBS BELVEDERE TOWER NY US,20140818,0,0,0,272,172,20
GHCND:USW00094728,NEW YORK CENTRAL PARK OBS BELVEDERE TOWER NY US,20140819,0,0,0,283,172,17
GHCND:USW00094728,NEW YORK CENTRAL PARK OBS BELVEDERE TOWER NY US,20140820,0,0,0,289,211,10
GHCND:USW00094728,NEW YORK CENTRAL PARK OBS BELVEDERE TOWER NY US,20140821,89,0,0,283,183,16
GHCND:USW00094728,NEW YORK CENTRAL PARK OBS BELVEDERE TOWER NY US,20140822,15,0,0,261,183,21
GHCND:USW00094728,NEW YORK CENTRAL PARK OBS BELVEDERE TOWER NY US,20140823,3,0,0,250,194,21
GHCND:USW00094728,NEW YORK CENTRAL PARK OBS BELVEDERE TOWER NY US,20140824,0,0,0,267,178,14
GHCND:USW00094728,NEW YORK CENTRAL PARK OBS BELVEDERE TOWER NY US,20140825,0,0,0,311,178,12
GHCND:USW00094728,NEW YORK CENTRAL PARK OBS BELVEDERE TOWER NY US,20140826,0,0,0,317,211,10
GHCND:USW00094728,NEW YORK CENTRAL PARK OBS BELVEDERE TOWER NY US,20140827,0,0,0,322,211,15
GHCND:USW00094728,NEW YORK CENTRAL PARK OBS BELVEDERE TOWER NY US,20140828,0,0,0,278,189,24
GHCND:USW00094728,NEW YORK CENTRAL PARK OBS BELVEDERE TOWER NY US,20140829,0,0,0,267,161,15
GHCND:USW00094728,NEW YORK CENTRAL PARK OBS BELVEDERE TOWER NY US,20140830,0,0,0,267,183,10
GHCND:USW00094728,NEW YORK CENTRAL PARK OBS BELVEDERE TOWER NY US,20140831,157,0,0,322,228,15
GHCND:USW00094728,NEW YORK CENTRAL PARK OBS BELVEDERE TOWER NY US,20140901,0,0,0,311,239,13
GHCND:USW00094728,NEW YORK CENTRAL PARK OBS BELVEDERE TOWER NY US,20140902,0,0,0,333,250,24
GHCND:USW00094728,NEW YORK CENTRAL PARK OBS BELVEDERE TOWER NY US,20140903,0,0,0,300,222,15
GHCND:USW00094728,NEW YORK CENTRAL PARK OBS BELVEDERE TOWER NY US,20140904,0,0,0,306,206,12
GHCND:USW00094728,NEW YORK CENTRAL PARK OBS BELVEDERE TOWER NY US,20140905,0,0,0,306,222,13
GHCND:USW00094728,NEW YORK CENTRAL PARK OBS BELVEDERE TOWER NY US,20140906,28,0,0,328,194,21
GHCND:USW00094728,NEW YORK CENTRAL PARK OBS BELVEDERE TOWER NY US,20140907,0,0,0,272,183,21
GHCND:USW00094728,NEW YORK CENTRAL PARK OBS BELVEDERE TOWER NY US,20140908,0,0,0,239,183,34
GHCND:USW00094728,NEW YORK CENTRAL PARK OBS BELVEDERE TOWER NY US,20140909,0,0,0,228,172,35
GHCND:USW00094728,NEW YORK CENTRAL PARK OBS BELVEDERE TOWER NY US,20140910,0,0,0,267,172,26
GHCND:USW00094728,NEW YORK CENTRAL PARK OBS BELVEDERE TOWER NY US,20140911,0,0,0,283,206,21
GHCND:USW00094728,NEW YORK CENTRAL PARK OBS BELVEDERE TOWER NY US,20140912,0,0,0,256,167,23
GHCND:USW00094728,NEW YORK CENTRAL PARK OBS BELVEDERE TOWER NY US,20140913,66,0,0,206,144,23
GHCND:USW00094728,NEW YORK CENTRAL PARK OBS BELVEDERE TOWER NY US,20140914,0,0,0,217,117,14
GHCND:USW00094728,NEW YORK CENTRAL PARK OBS BELVEDERE TOWER NY US,20140915,0,0,0,217,128,13
GHCND:USW00094728,NEW YORK CENTRAL PARK OBS BELVEDERE TOWER NY US,20140916,94,0,0,211,144,10
GHCND:USW00094728,NEW YORK CENTRAL PARK OBS BELVEDERE TOWER NY US,20140917,0,0,0,228,128,12
GHCND:USW00094728,NEW YORK CENTRAL PARK OBS BELVEDERE TOWER NY US,20140918,0,0,0,244,139,12
GHCND:USW00094728,NEW YORK CENTRAL PARK OBS BELVEDERE TOWER NY US,20140919,0,0,0,189,122,34
GHCND:USW00094728,NEW YORK CENTRAL PARK OBS BELVEDERE TOWER NY US,20140920,0,0,0,239,139,13
GHCND:USW00094728,NEW YORK CENTRAL PARK OBS BELVEDERE TOWER NY US,20140921,38,0,0,239,194,7
GHCND:USW00094728,NEW YORK CENTRAL PARK OBS BELVEDERE TOWER NY US,20140922,0,0,0,217,128,30
GHCND:USW00094728,NEW YORK CENTRAL PARK OBS BELVEDERE TOWER NY US,20140923,0,0,0,217,111,8
GHCND:USW00094728,NEW YORK CENTRAL PARK OBS BELVEDERE TOWER NY US,20140924,0,0,0,217,144,25
GHCND:USW00094728,NEW YORK CENTRAL PARK OBS BELVEDERE TOWER NY US,20140925,81,0,0,178,139,37
GHCND:USW00094728,NEW YORK CENTRAL PARK OBS BELVEDERE TOWER NY US,20140926,0,0,0,250,144,19
GHCND:USW00094728,NEW YORK CENTRAL PARK OBS BELVEDERE TOWER NY US,20140927,0,0,0,283,156,11
GHCND:USW00094728,NEW YORK CENTRAL PARK OBS BELVEDERE TOWER NY US,20140928,0,0,0,289,178,8
GHCND:USW00094728,NEW YORK CENTRAL PARK OBS BELVEDERE TOWER NY US,20140929,0,0,0,261,194,3
GHCND:USW00094728,NEW YORK CENTRAL PARK OBS BELVEDERE TOWER NY US,20140930,0,0,0,217,167,21
GHCND:USW00094728,NEW YORK CENTRAL PARK OBS BELVEDERE TOWER NY US,20141001,5,0,0,183,161,27
GHCND:USW00094728,NEW YORK CENTRAL PARK OBS BELVEDERE TOWER NY US,20141002,0,0,0,211,161,21
GHCND:USW00094728,NEW YORK CENTRAL PARK OBS BELVEDERE TOWER NY US,20141003,0,0,0,217,133,19
GHCND:USW00094728,NEW YORK CENTRAL PARK OBS BELVEDERE TOWER NY US,20141004,300,0,0,206,111,30
GHCND:USW00094728,NEW YORK CENTRAL PARK OBS BELVEDERE TOWER NY US,20141005,0,0,0,161,78,25
GHCND:USW00094728,NEW YORK CENTRAL PARK OBS BELVEDERE TOWER NY US,20141006,0,0,0,206,100,17
GHCND:USW00094728,NEW YORK CENTRAL PARK OBS BELVEDERE TOWER NY US,20141007,15,0,0,217,172,21
GHCND:USW00094728,NEW YORK CENTRAL PARK OBS BELVEDERE TOWER NY US,20141008,10,0,0,228,167,32
GHCND:USW00094728,NEW YORK CENTRAL PARK OBS BELVEDERE TOWER NY US,20141009,0,0,0,200,128,25
GHCND:USW00094728,NEW YORK CENTRAL PARK OBS BELVEDERE TOWER NY US,20141010,0,0,0,178,111,10
GHCND:USW00094728,NEW YORK CENTRAL PARK OBS BELVEDERE TOWER NY US,20141011,84,0,0,156,100,20
GHCND:USW00094728,NEW YORK CENTRAL PARK OBS BELVEDERE TOWER NY US,20141012,0,0,0,172,89,12
GHCND:USW00094728,NEW YORK CENTRAL PARK OBS BELVEDERE TOWER NY US,20141013,13,0,0,183,111,12
GHCND:USW00094728,NEW YORK CENTRAL PARK OBS BELVEDERE TOWER NY US,20141014,0,0,0,244,172,21
GHCND:USW00094728,NEW YORK CENTRAL PARK OBS BELVEDERE TOWER NY US,20141015,175,0,0,250,206,23
GHCND:USW00094728,NEW YORK CENTRAL PARK OBS BELVEDERE TOWER NY US,20141016,282,0,0,217,161,18
GHCND:USW00094728,NEW YORK CENTRAL PARK OBS BELVEDERE TOWER NY US,20141017,0,0,0,217,150,20
GHCND:USW00094728,NEW YORK CENTRAL PARK OBS BELVEDERE TOWER NY US,20141018,0,0,0,211,133,28
GHCND:USW00094728,NEW YORK CENTRAL PARK OBS BELVEDERE TOWER NY US,20141019,0,0,0,133,67,34
GHCND:USW00094728,NEW YORK CENTRAL PARK OBS BELVEDERE TOWER NY US,20141020,0,0,0,156,56,17
GHCND:USW00094728,NEW YORK CENTRAL PARK OBS BELVEDERE TOWER NY US,20141021,28,0,0,194,128,16
GHCND:USW00094728,NEW YORK CENTRAL PARK OBS BELVEDERE TOWER NY US,20141022,384,0,0,144,100,42
GHCND:USW00094728,NEW YORK CENTRAL PARK OBS BELVEDERE TOWER NY US,20141023,155,0,0,117,100,34
GHCND:USW00094728,NEW YORK CENTRAL PARK OBS BELVEDERE TOWER NY US,20141024,0,0,0,172,106,20
GHCND:USW00094728,NEW YORK CENTRAL PARK OBS BELVEDERE TOWER NY US,20141025,3,0,0,194,100,26
GHCND:USW00094728,NEW YORK CENTRAL PARK OBS BELVEDERE TOWER NY US,20141026,0,0,0,172,117,35
GHCND:USW00094728,NEW YORK CENTRAL PARK OBS BELVEDERE TOWER NY US,20141027,0,0,0,172,89,23
GHCND:USW00094728,NEW YORK CENTRAL PARK OBS BELVEDERE TOWER NY US,20141028,0,0,0,222,117,13
GHCND:USW00094728,NEW YORK CENTRAL PARK OBS BELVEDERE TOWER NY US,20141029,0,0,0,222,106,22
GHCND:USW00094728,NEW YORK CENTRAL PARK OBS BELVEDERE TOWER NY US,20141030,0,0,0,150,83,16
GHCND:USW00094728,NEW YORK CENTRAL PARK OBS BELVEDERE TOWER NY US,20141031,13,0,0,128,72,29
GHCND:USW00094728,NEW YORK CENTRAL PARK OBS BELVEDERE TOWER NY US,20141101,89,0,0,83,56,40
GHCND:USW00094728,NEW YORK CENTRAL PARK OBS BELVEDERE TOWER NY US,20141102,0,0,0,89,50,48
GHCND:USW00094728,NEW YORK CENTRAL PARK OBS BELVEDERE TOWER NY US,20141103,0,0,0,161,39,26
GHCND:USW00094728,NEW YORK CENTRAL PARK OBS BELVEDERE TOWER NY US,20141104,0,0,0,200,117,21
GHCND:USW00094728,NEW YORK CENTRAL PARK OBS BELVEDERE TOWER NY US,20141105,0,0,0,178,133,20
GHCND:USW00094728,NEW YORK CENTRAL PARK OBS BELVEDERE TOWER NY US,20141106,94,0,0,139,89,14
GHCND:USW00094728,NEW YORK CENTRAL PARK OBS BELVEDERE TOWER NY US,20141107,0,0,0,117,44,33
GHCND:USW00094728,NEW YORK CENTRAL PARK OBS BELVEDERE TOWER NY US,20141108,0,0,0,89,22,27
GHCND:USW00094728,NEW YORK CENTRAL PARK OBS BELVEDERE TOWER NY US,20141109,0,0,0,139,78,12
GHCND:USW00094728,NEW YORK CENTRAL PARK OBS BELVEDERE TOWER NY US,20141110,0,0,0,161,67,11
GHCND:USW00094728,NEW YORK CENTRAL PARK OBS BELVEDERE TOWER NY US,20141111,0,0,0,178,94,15
GHCND:USW00094728,NEW YORK CENTRAL PARK OBS BELVEDERE TOWER NY US,20141112,0,0,0,183,83,12
GHCND:USW00094728,NEW YORK CENTRAL PARK OBS BELVEDERE TOWER NY US,20141113,51,0,0,89,22,16
GHCND:USW00094728,NEW YORK CENTRAL PARK OBS BELVEDERE TOWER NY US,20141114,15,0,0,56,17,32
GHCND:USW00094728,NEW YORK CENTRAL PARK OBS BELVEDERE TOWER NY US,20141115,0,0,0,56,6,16
GHCND:USW00094728,NEW YORK CENTRAL PARK OBS BELVEDERE TOWER NY US,20141116,8,0,0,72,17,17
GHCND:USW00094728,NEW YORK CENTRAL PARK OBS BELVEDERE TOWER NY US,20141117,391,0,0,111,44,17
GHCND:USW00094728,NEW YORK CENTRAL PARK OBS BELVEDERE TOWER NY US,20141118,0,0,0,72,-43,45
GHCND:USW00094728,NEW YORK CENTRAL PARK OBS BELVEDERE TOWER NY US,20141119,0,0,0,22,-55,32
GHCND:USW00094728,NEW YORK CENTRAL PARK OBS BELVEDERE TOWER NY US,20141120,0,0,0,72,-5,32
GHCND:USW00094728,NEW YORK CENTRAL PARK OBS BELVEDERE TOWER NY US,20141121,0,0,0,28,-21,34
GHCND:USW00094728,NEW YORK CENTRAL PARK OBS BELVEDERE TOWER NY US,20141122,0,0,0,67,-21,22
GHCND:USW00094728,NEW YORK CENTRAL PARK OBS BELVEDERE TOWER NY US,20141123,0,0,0,139,61,17
GHCND:USW00094728,NEW YORK CENTRAL PARK OBS BELVEDERE TOWER NY US,20141124,178,0,0,206,117,24
GHCND:USW00094728,NEW YORK CENTRAL PARK OBS BELVEDERE TOWER NY US,20141125,0,0,0,200,106,23
GHCND:USW00094728,NEW YORK CENTRAL PARK OBS BELVEDERE TOWER NY US,20141126,315,0,5,106,11,39
GHCND:USW00094728,NEW YORK CENTRAL PARK OBS BELVEDERE TOWER NY US,20141127,5,0,0,33,11,23
GHCND:USW00094728,NEW YORK CENTRAL PARK OBS BELVEDERE TOWER NY US,20141128,0,0,0,28,-16,26
GHCND:USW00094728,NEW YORK CENTRAL PARK OBS BELVEDERE TOWER NY US,20141129,0,0,0,72,-27,16
GHCND:USW00094728,NEW YORK CENTRAL PARK OBS BELVEDERE TOWER NY US,20141130,0,0,0,128,72,19
GHCND:USW00094728,NEW YORK CENTRAL PARK OBS BELVEDERE TOWER NY US,20141201,23,0,0,183,56,30
GHCND:USW00094728,NEW YORK CENTRAL PARK OBS BELVEDERE TOWER NY US,20141202,20,0,0,61,17,41
GHCND:USW00094728,NEW YORK CENTRAL PARK OBS BELVEDERE TOWER NY US,20141203,15,0,0,78,50,34
GHCND:USW00094728,NEW YORK CENTRAL PARK OBS BELVEDERE TOWER NY US,20141204,0,0,0,72,28,26
GHCND:USW00094728,NEW YORK CENTRAL PARK OBS BELVEDERE TOWER NY US,20141205,130,0,0,67,11,27
GHCND:USW00094728,NEW YORK CENTRAL PARK OBS BELVEDERE TOWER NY US,20141206,310,0,0,100,39,18
GHCND:USW00094728,NEW YORK CENTRAL PARK OBS BELVEDERE TOWER NY US,20141207,10,0,0,56,-10,53
GHCND:USW00094728,NEW YORK CENTRAL PARK OBS BELVEDERE TOWER NY US,20141208,0,0,0,28,-43,51
GHCND:USW00094728,NEW YORK CENTRAL PARK OBS BELVEDERE TOWER NY US,20141209,645,0,0,56,22,46
GHCND:USW00094728,NEW YORK CENTRAL PARK OBS BELVEDERE TOWER NY US,20141210,20,0,25,44,0,37
GHCND:USW00094728,NEW YORK CENTRAL PARK OBS BELVEDERE TOWER NY US,20141211,3,30,0,33,-5,34
GHCND:USW00094728,NEW YORK CENTRAL PARK OBS BELVEDERE TOWER NY US,20141212,0,0,0,33,0,36
GHCND:USW00094728,NEW YORK CENTRAL PARK OBS BELVEDERE TOWER NY US,20141213,0,0,0,67,11,40
GHCND:USW00094728,NEW YORK CENTRAL PARK OBS BELVEDERE TOWER NY US,20141214,0,0,0,78,33,27
GHCND:USW00094728,NEW YORK CENTRAL PARK OBS BELVEDERE TOWER NY US,20141215,0,0,0,89,28,12
GHCND:USW00094728,NEW YORK CENTRAL PARK OBS BELVEDERE TOWER NY US,20141216,51,0,0,94,33,17
GHCND:USW00094728,NEW YORK CENTRAL PARK OBS BELVEDERE TOWER NY US,20141217,5,0,0,122,56,26
GHCND:USW00094728,NEW YORK CENTRAL PARK OBS BELVEDERE TOWER NY US,20141218,0,0,0,56,28,39
GHCND:USW00094728,NEW YORK CENTRAL PARK OBS BELVEDERE TOWER NY US,20141219,0,0,0,33,-5,32
GHCND:USW00094728,NEW YORK CENTRAL PARK OBS BELVEDERE TOWER NY US,20141220,0,0,0,6,-10,22
GHCND:USW00094728,NEW YORK CENTRAL PARK OBS BELVEDERE TOWER NY US,20141221,0,0,0,22,-5,22
GHCND:USW00094728,NEW YORK CENTRAL PARK OBS BELVEDERE TOWER NY US,20141222,10,0,0,67,17,27
GHCND:USW00094728,NEW YORK CENTRAL PARK OBS BELVEDERE TOWER NY US,20141223,41,0,0,78,61,37
GHCND:USW00094728,NEW YORK CENTRAL PARK OBS BELVEDERE TOWER NY US,20141224,203,0,0,144,67,26
GHCND:USW00094728,NEW YORK CENTRAL PARK OBS BELVEDERE TOWER NY US,20141225,23,0,0,167,67,43
GHCND:USW00094728,NEW YORK CENTRAL PARK OBS BELVEDERE TOWER NY US,20141226,0,0,0,100,44,26
GHCND:USW00094728,NEW YORK CENTRAL PARK OBS BELVEDERE TOWER NY US,20141227,0,0,0,128,67,20
GHCND:USW00094728,NEW YORK CENTRAL PARK OBS BELVEDERE TOWER NY US,20141228,25,0,0,122,61,26
GHCND:USW00094728,NEW YORK CENTRAL PARK OBS BELVEDERE TOWER NY US,20141229,0,0,0,67,11,23
GHCND:USW00094728,NEW YORK CENTRAL PARK OBS BELVEDERE TOWER NY US,20141230,0,0,0,11,-21,19
GHCND:USW00094728,NEW YORK CENTRAL PARK OBS BELVEDERE TOWER NY US,20141231,0,0,0,0,-27,25
GHCND:USW00094728,NEW YORK CENTRAL PARK OBS BELVEDERE TOWER NY US,20150101,0,0,0,39,-27,32
GHCND:USW00094728,NEW YORK CENTRAL PARK OBS BELVEDERE TOWER NY US,20150102,0,0,0,56,17,32
GHCND:USW00094728,NEW YORK CENTRAL PARK OBS BELVEDERE TOWER NY US,20150103,180,0,0,56,6,29
GHCND:USW00094728,NEW YORK CENTRAL PARK OBS BELVEDERE TOWER NY US,20150104,76,0,0,133,50,29
GHCND:USW00094728,NEW YORK CENTRAL PARK OBS BELVEDERE TOWER NY US,20150105,0,0,0,94,-60,47
GHCND:USW00094728,NEW YORK CENTRAL PARK OBS BELVEDERE TOWER NY US,20150106,13,0,25,-55,-71,18
GHCND:USW00094728,NEW YORK CENTRAL PARK OBS BELVEDERE TOWER NY US,20150107,0,30,0,-49,-127,57
GHCND:USW00094728,NEW YORK CENTRAL PARK OBS BELVEDERE TOWER NY US,20150108,0,0,0,-60,-132,39
GHCND:USW00094728,NEW YORK CENTRAL PARK OBS BELVEDERE TOWER NY US,20150109,18,0,38,6,-71,39
GHCND:USW00094728,NEW YORK CENTRAL PARK OBS BELVEDERE TOWER NY US,20150110,0,30,0,-49,-88,36
GHCND:USW00094728,NEW YORK CENTRAL PARK OBS BELVEDERE TOWER NY US,20150111,0,30,0,28,-77,27
GHCND:USW00094728,NEW YORK CENTRAL PARK OBS BELVEDERE TOWER NY US,20150112,91,0,0,39,17,17
GHCND:USW00094728,NEW YORK CENTRAL PARK OBS BELVEDERE TOWER NY US,20150113,0,0,0,22,-82,38
GHCND:USW00094728,NEW YORK CENTRAL PARK OBS BELVEDERE TOWER NY US,20150114,0,0,0,0,-88,28
GHCND:USW00094728,NEW YORK CENTRAL PARK OBS BELVEDERE TOWER NY US,20150115,0,0,0,17,-38,21
GHCND:USW00094728,NEW YORK CENTRAL PARK OBS BELVEDERE TOWER NY US,20150116,0,0,0,61,-66,44
GHCND:USW00094728,NEW YORK CENTRAL PARK OBS BELVEDERE TOWER NY US,20150117,0,0,0,0,-82,27
GHCND:USW00094728,NEW YORK CENTRAL PARK OBS BELVEDERE TOWER NY US,20150118,533,0,0,56,-5,17
GHCND:USW00094728,NEW YORK CENTRAL PARK OBS BELVEDERE TOWER NY US,20150119,0,0,0,56,22,34
GHCND:USW00094728,NEW YORK CENTRAL PARK OBS BELVEDERE TOWER NY US,20150120,0,0,0,44,0,26
GHCND:USW00094728,NEW YORK CENTRAL PARK OBS BELVEDERE TOWER NY US,20150121,0,0,0,22,-38,19
GHCND:USW00094728,NEW YORK CENTRAL PARK OBS BELVEDERE TOWER NY US,20150122,0,0,0,44,-5,25
GHCND:USW00094728,NEW YORK CENTRAL PARK OBS BELVEDERE TOWER NY US,20150123,0,0,0,39,-21,25
GHCND:USW00094728,NEW YORK CENTRAL PARK OBS BELVEDERE TOWER NY US,20150124,183,80,91,39,6,27
GHCND:USW00094728,NEW YORK CENTRAL PARK OBS BELVEDERE TOWER NY US,20150125,0,50,0,56,-5,28
GHCND:USW00094728,NEW YORK CENTRAL PARK OBS BELVEDERE TOWER NY US,20150126,122,50,140,-5,-55,57
GHCND:USW00094728,NEW YORK CENTRAL PARK OBS BELVEDERE TOWER NY US,20150127,91,200,109,-10,-66,37
GHCND:USW00094728,NEW YORK CENTRAL PARK OBS BELVEDERE TOWER NY US,20150128,0,200,0,11,-88,34
GHCND:USW00094728,NEW YORK CENTRAL PARK OBS BELVEDERE TOWER NY US,20150129,5,150,0,22,-71,17
GHCND:USW00094728,NEW YORK CENTRAL PARK OBS BELVEDERE TOWER NY US,20150130,15,180,25,33,-71,47
GHCND:USW00094728,NEW YORK CENTRAL PARK OBS BELVEDERE TOWER NY US,20150131,0,180,0,-32,-105,55
GHCND:USW00094728,NEW YORK CENTRAL PARK OBS BELVEDERE TOWER NY US,20150201,8,150,8,22,-66,17
GHCND:USW00094728,NEW YORK CENTRAL PARK OBS BELVEDERE TOWER NY US,20150202,259,180,127,11,-99,44
GHCND:USW00094728,NEW YORK CENTRAL PARK OBS BELVEDERE TOWER NY US,20150203,0,200,0,-32,-105,32
GHCND:USW00094728,NEW YORK CENTRAL PARK OBS BELVEDERE TOWER NY US,20150204,0,200,0,61,-43,19
GHCND:USW00094728,NEW YORK CENTRAL PARK OBS BELVEDERE TOWER NY US,20150205,0,200,0,56,-99,38
GHCND:USW00094728,NEW YORK CENTRAL PARK OBS BELVEDERE TOWER NY US,20150206,0,200,0,-27,-110,32
GHCND:USW00094728,NEW YORK CENTRAL PARK OBS BELVEDERE TOWER NY US,20150207,5,200,0,44,-38,17
GHCND:USW00094728,NEW YORK CENTRAL PARK OBS BELVEDERE TOWER NY US,20150208,0,200,0,28,-16,38
GHCND:USW00094728,NEW YORK CENTRAL PARK OBS BELVEDERE TOWER NY US,20150209,23,200,0,-16,-38,49
GHCND:USW00094728,NEW YORK CENTRAL PARK OBS BELVEDERE TOWER NY US,20150210,3,200,3,44,-32,47
GHCND:USW00094728,NEW YORK CENTRAL PARK OBS BELVEDERE TOWER NY US,20150211,0,200,0,11,-55,29
GHCND:USW00094728,NEW YORK CENTRAL PARK OBS BELVEDERE TOWER NY US,20150212,0,200,0,44,-88,33
GHCND:USW00094728,NEW YORK CENTRAL PARK OBS BELVEDERE TOWER NY US,20150213,0,200,0,-60,-132,41
GHCND:USW00094728,NEW YORK CENTRAL PARK OBS BELVEDERE TOWER NY US,20150214,5,200,23,0,-88,24
GHCND:USW00094728,NEW YORK CENTRAL PARK OBS BELVEDERE TOWER NY US,20150215,0,230,0,-38,-155,65
GHCND:USW00094728,NEW YORK CENTRAL PARK OBS BELVEDERE TOWER NY US,20150216,0,230,0,-60,-160,31
GHCND:USW00094728,NEW YORK CENTRAL PARK OBS BELVEDERE TOWER NY US,20150217,36,300,84,-27,-99,21
GHCND:USW00094728,NEW YORK CENTRAL PARK OBS BELVEDERE TOWER NY US,20150218,0,230,0,6,-71,19
GHCND:USW00094728,NEW YORK CENTRAL PARK OBS BELVEDERE TOWER NY US,20150219,0,230,0,-27,-132,51
GHCND:USW00094728,NEW YORK CENTRAL PARK OBS BELVEDERE TOWER NY US,20150220,0,230,0,-71,-166,46
GHCND:USW00094728,NEW YORK CENTRAL PARK OBS BELVEDERE TOWER NY US,20150221,155,230,76,0,-105,20
GHCND:USW00094728,NEW YORK CENTRAL PARK OBS BELVEDERE TOWER NY US,20150222,25,330,25,61,0,13
GHCND:USW00094728,NEW YORK CENTRAL PARK OBS BELVEDERE TOWER NY US,20150223,0,300,0,33,-132,50
GHCND:USW00094728,NEW YORK CENTRAL PARK OBS BELVEDERE TOWER NY US,20150224,0,300,0,-43,-155,26
GHCND:USW00094728,NEW YORK CENTRAL PARK OBS BELVEDERE TOWER NY US,20150225,0,300,0,28,-66,29
GHCND:USW00094728,NEW YORK CENTRAL PARK OBS BELVEDERE TOWER NY US,20150226,0,280,0,0,-60,32
GHCND:USW00094728,NEW YORK CENTRAL PARK OBS BELVEDERE TOWER NY US,20150227,0,280,0,-10,-77,27
GHCND:USW00094728,NEW YORK CENTRAL PARK OBS BELVEDERE TOWER NY US,20150228,0,280,0,-16,-105,16
GHCND:USW00094728,NEW YORK CENTRAL PARK OBS BELVEDERE TOWER NY US,20150301,132,250,122,-5,-43,10
GHCND:USW00094728,NEW YORK CENTRAL PARK OBS BELVEDERE TOWER NY US,20150302,0,380,0,39,-27,36
GHCND:USW00094728,NEW YORK CENTRAL PARK OBS BELVEDERE TOWER NY US,20150303,170,360,46,28,-55,22
GHCND:USW00094728,NEW YORK CENTRAL PARK OBS BELVEDERE TOWER NY US,20150304,64,330,0,72,17,27
GHCND:USW00094728,NEW YORK CENTRAL PARK OBS BELVEDERE TOWER NY US,20150305,193,330,191,44,-71,26
GHCND:USW00094728,NEW YORK CENTRAL PARK OBS BELVEDERE TOWER NY US,20150306,0,480,0,-27,-110,28
GHCND:USW00094728,NEW YORK CENTRAL PARK OBS BELVEDERE TOWER NY US,20150307,0,460,0,33,-77,23
GHCND:USW00094728,NEW YORK CENTRAL PARK OBS BELVEDERE TOWER NY US,20150308,0,410,0,94,28,23
GHCND:USW00094728,NEW YORK CENTRAL PARK OBS BELVEDERE TOWER NY US,20150309,3,330,0,122,44,21
GHCND:USW00094728,NEW YORK CENTRAL PARK OBS BELVEDERE TOWER NY US,20150310,117,280,0,117,39,16
GHCND:USW00094728,NEW YORK CENTRAL PARK OBS BELVEDERE TOWER NY US,20150311,3,150,0,150,67,31
GHCND:USW00094728,NEW YORK CENTRAL PARK OBS BELVEDERE TOWER NY US,20150312,0,100,0,83,22,37
GHCND:USW00094728,NEW YORK CENTRAL PARK OBS BELVEDERE TOWER NY US,20150313,0,50,0,61,-5,29
GHCND:USW00094728,NEW YORK CENTRAL PARK OBS BELVEDERE TOWER NY US,20150314,206,30,0,106,44,25
GHCND:USW00094728,NEW YORK CENTRAL PARK OBS BELVEDERE TOWER NY US,20150315,0,0,0,67,22,51
GHCND:USW00094728,NEW YORK CENTRAL PARK OBS BELVEDERE TOWER NY US,20150316,0,0,0,111,17,17
GHCND:USW00094728,NEW YORK CENTRAL PARK OBS BELVEDERE TOWER NY US,20150317,5,0,0,139,11,43
GHCND:USW00094728,NEW YORK CENTRAL PARK OBS BELVEDERE TOWER NY US,20150318,0,0,0,39,-16,43
GHCND:USW00094728,NEW YORK CENTRAL PARK OBS BELVEDERE TOWER NY US,20150319,0,0,0,61,-16,26
GHCND:USW00094728,NEW YORK CENTRAL PARK OBS BELVEDERE TOWER NY US,20150320,102,0,114,33,-16,35
GHCND:USW00094728,NEW YORK CENTRAL PARK OBS BELVEDERE TOWER NY US,20150321,0,130,0,83,-16,24
GHCND:USW00094728,NEW YORK CENTRAL PARK OBS BELVEDERE TOWER NY US,20150322,0,0,0,61,-21,34
GHCND:USW00094728,NEW YORK CENTRAL PARK OBS BELVEDERE TOWER NY US,20150323,0,0,0,33,-49,30
GHCND:USW00094728,NEW YORK CENTRAL PARK OBS BELVEDERE TOWER NY US,20150324,0,0,0,72,-32,18
GHCND:USW00094728,NEW YORK CENTRAL PARK OBS BELVEDERE TOWER NY US,20150325,13,0,0,94,11,20
GHCND:USW00094728,NEW YORK CENTRAL PARK OBS BELVEDERE TOWER NY US,20150326,81,0,0,167,56,13
GHCND:USW00094728,NEW YORK CENTRAL PARK OBS BELVEDERE TOWER NY US,20150327,69,0,0,78,39,19
GHCND:USW00094728,NEW YORK CENTRAL PARK OBS BELVEDERE TOWER NY US,20150328,0,0,0,44,-32,34
GHCND:USW00094728,NEW YORK CENTRAL PARK OBS BELVEDERE TOWER NY US,20150329,0,0,0,78,-38,28
GHCND:USW00094728,NEW YORK CENTRAL PARK OBS BELVEDERE TOWER NY US,20150330,0,0,0,122,22,35
GHCND:USW00094728,NEW YORK CENTRAL PARK OBS BELVEDERE TOWER NY US,20150331,43,0,0,83,17,24
GHCND:USW00094728,NEW YORK CENTRAL PARK OBS BELVEDERE TOWER NY US,20150401,0,0,0,106,0,23
GHCND:USW00094728,NEW YORK CENTRAL PARK OBS BELVEDERE TOWER NY US,20150402,0,0,0,194,50,28
GHCND:USW00094728,NEW YORK CENTRAL PARK OBS BELVEDERE TOWER NY US,20150403,10,0,0,178,150,30
GHCND:USW00094728,NEW YORK CENTRAL PARK OBS BELVEDERE TOWER NY US,20150404,3,0,0,156,56,45
GHCND:USW00094728,NEW YORK CENTRAL PARK OBS BELVEDERE TOWER NY US,20150405,0,0,0,161,56,22
GHCND:USW00094728,NEW YORK CENTRAL PARK OBS BELVEDERE TOWER NY US,20150406,0,0,0,172,56,19
GHCND:USW00094728,NEW YORK CENTRAL PARK OBS BELVEDERE TOWER NY US,20150407,38,0,0,167,56,31
GHCND:USW00094728,NEW YORK CENTRAL PARK OBS BELVEDERE TOWER NY US,20150408,0,0,0,72,28,51
GHCND:USW00094728,NEW YORK CENTRAL PARK OBS BELVEDERE TOWER NY US,20150409,0,0,0,61,28,40
GHCND:USW00094728,NEW YORK CENTRAL PARK OBS BELVEDERE TOWER NY US,20150410,43,0,0,133,39,21
GHCND:USW00094728,NEW YORK CENTRAL PARK OBS BELVEDERE TOWER NY US,20150411,0,0,0,139,67,39
GHCND:USW00094728,NEW YORK CENTRAL PARK OBS BELVEDERE TOWER NY US,20150412,0,0,0,189,61,15
GHCND:USW00094728,NEW YORK CENTRAL PARK OBS BELVEDERE TOWER NY US,20150413,0,0,0,200,100,21
GHCND:USW00094728,NEW YORK CENTRAL PARK OBS BELVEDERE TOWER NY US,20150414,3,0,0,183,128,17
GHCND:USW00094728,NEW YORK CENTRAL PARK OBS BELVEDERE TOWER NY US,20150415,0,0,0,222,106,28
GHCND:USW00094728,NEW YORK CENTRAL PARK OBS BELVEDERE TOWER NY US,20150416,0,0,0,178,111,29
GHCND:USW00094728,NEW YORK CENTRAL PARK OBS BELVEDERE TOWER NY US,20150417,20,0,0,217,128,23
GHCND:USW00094728,NEW YORK CENTRAL PARK OBS BELVEDERE TOWER NY US,20150418,0,0,0,267,150,19
GHCND:USW00094728,NEW YORK CENTRAL PARK OBS BELVEDERE TOWER NY US,20150419,0,0,0,178,89,38
GHCND:USW00094728,NEW YORK CENTRAL PARK OBS BELVEDERE TOWER NY US,20150420,348,0,0,139,78,33
GHCND:USW00094728,NEW YORK CENTRAL PARK OBS BELVEDERE TOWER NY US,20150421,51,0,0,183,111,27
GHCND:USW00094728,NEW YORK CENTRAL PARK OBS BELVEDERE TOWER NY US,20150422,13,0,0,206,89,29
GHCND:USW00094728,NEW YORK CENTRAL PARK OBS BELVEDERE TOWER NY US,20150423,0,0,0,111,50,41
GHCND:USW00094728,NEW YORK CENTRAL PARK OBS BELVEDERE TOWER NY US,20150424,0,0,0,111,39,38
GHCND:USW00094728,NEW YORK CENTRAL PARK OBS BELVEDERE TOWER NY US,20150425,0,0,0,167,33,25
GHCND:USW00094728,NEW YORK CENTRAL PARK OBS BELVEDERE TOWER NY US,20150426,0,0,0,178,78,23
GHCND:USW00094728,NEW YORK CENTRAL PARK OBS BELVEDERE TOWER NY US,20150427,0,0,0,167,94,26
GHCND:USW00094728,NEW YORK CENTRAL PARK OBS BELVEDERE TOWER NY US,20150428,0,0,0,217,100,35
GHCND:USW00094728,NEW YORK CENTRAL PARK OBS BELVEDERE TOWER NY US,20150429,0,0,0,256,100,25
GHCND:USW00094728,NEW YORK CENTRAL PARK OBS BELVEDERE TOWER NY US,20150430,0,0,0,194,89,36
GHCND:USW00094728,NEW YORK CENTRAL PARK OBS BELVEDERE TOWER NY US,20150501,0,0,0,172,94,23
GHCND:USW00094728,NEW YORK CENTRAL PARK OBS BELVEDERE TOWER NY US,20150502,0,0,0,233,89,13
GHCND:USW00094728,NEW YORK CENTRAL PARK OBS BELVEDERE TOWER NY US,20150503,0,0,0,267,106,11
GHCND:USW00094728,NEW YORK CENTRAL PARK OBS BELVEDERE TOWER NY US,20150504,0,0,0,294,139,24
GHCND:USW00094728,NEW YORK CENTRAL PARK OBS BELVEDERE TOWER NY US,20150505,0,0,0,294,189,18
GHCND:USW00094728,NEW YORK CENTRAL PARK OBS BELVEDERE TOWER NY US,20150506,0,0,0,228,150,22
GHCND:USW00094728,NEW YORK CENTRAL PARK OBS BELVEDERE TOWER NY US,20150507,0,0,0,267,133,10
GHCND:USW00094728,NEW YORK CENTRAL PARK OBS BELVEDERE TOWER NY US,20150508,0,0,0,278,133,13
GHCND:USW00094728,NEW YORK CENTRAL PARK OBS BELVEDERE TOWER NY US,20150509,0,0,0,211,139,19
GHCND:USW00094728,NEW YORK CENTRAL PARK OBS BELVEDERE TOWER NY US,20150510,0,0,0,283,161,16
GHCND:USW00094728,NEW YORK CENTRAL PARK OBS BELVEDERE TOWER NY US,20150511,0,0,0,289,211,17
GHCND:USW00094728,NEW YORK CENTRAL PARK OBS BELVEDERE TOWER NY US,20150512,0,0,0,300,178,24
GHCND:USW00094728,NEW YORK CENTRAL PARK OBS BELVEDERE TOWER NY US,20150513,0,0,0,211,117,33
GHCND:USW00094728,NEW YORK CENTRAL PARK OBS BELVEDERE TOWER NY US,20150514,0,0,0,228,100,17
GHCND:USW00094728,NEW YORK CENTRAL PARK OBS BELVEDERE TOWER NY US,20150515,0,0,0,239,128,15
GHCND:USW00094728,NEW YORK CENTRAL PARK OBS BELVEDERE TOWER NY US,20150516,76,0,0,239,139,9
GHCND:USW00094728,NEW YORK CENTRAL PARK OBS BELVEDERE TOWER NY US,20150517,5,0,0,283,178,9
GHCND:USW00094728,NEW YORK CENTRAL PARK OBS BELVEDERE TOWER NY US,20150518,0,0,0,239,156,21
GHCND:USW00094728,NEW YORK CENTRAL PARK OBS BELVEDERE TOWER NY US,20150519,0,0,0,267,150,11
GHCND:USW00094728,NEW YORK CENTRAL PARK OBS BELVEDERE TOWER NY US,20150520,0,0,0,194,122,31
GHCND:USW00094728,NEW YORK CENTRAL PARK OBS BELVEDERE TOWER NY US,20150521,0,0,0,167,111,12
GHCND:USW00094728,NEW YORK CENTRAL PARK OBS BELVEDERE TOWER NY US,20150522,0,0,0,233,128,27
GHCND:USW00094728,NEW YORK CENTRAL PARK OBS BELVEDERE TOWER NY US,20150523,0,0,0,211,94,20
GHCND:USW00094728,NEW YORK CENTRAL PARK OBS BELVEDERE TOWER NY US,20150524,0,0,0,272,133,17
GHCND:USW00094728,NEW YORK CENTRAL PARK OBS BELVEDERE TOWER NY US,20150525,0,0,0,294,178,22
GHCND:USW00094728,NEW YORK CENTRAL PARK OBS BELVEDERE TOWER NY US,20150526,0,0,0,311,194,23
GHCND:USW00094728,NEW YORK CENTRAL PARK OBS BELVEDERE TOWER NY US,20150527,20,0,0,294,211,23
GHCND:USW00094728,NEW YORK CENTRAL PARK OBS BELVEDERE TOWER NY US,20150528,0,0,0,294,211,18
GHCND:USW00094728,NEW YORK CENTRAL PARK OBS BELVEDERE TOWER NY US,20150529,0,0,0,294,183,18
GHCND:USW00094728,NEW YORK CENTRAL PARK OBS BELVEDERE TOWER NY US,20150530,0,0,0,294,194,25
GHCND:USW00094728,NEW YORK CENTRAL PARK OBS BELVEDERE TOWER NY US,20150531,371,0,0,306,139,25
GHCND:USW00094728,NEW YORK CENTRAL PARK OBS BELVEDERE TOWER NY US,20150601,183,0,0,144,106,46
GHCND:USW00094728,NEW YORK CENTRAL PARK OBS BELVEDERE TOWER NY US,20150602,94,0,0,128,100,28
GHCND:USW00094728,NEW YORK CENTRAL PARK OBS BELVEDERE TOWER NY US,20150603,0,0,0,211,111,21
GHCND:USW00094728,NEW YORK CENTRAL PARK OBS BELVEDERE TOWER NY US,20150604,0,0,0,183,122,23
GHCND:USW00094728,NEW YORK CENTRAL PARK OBS BELVEDERE TOWER NY US,20150605,33,0,0,211,128,13
GHCND:USW00094728,NEW YORK CENTRAL PARK OBS BELVEDERE TOWER NY US,20150606,48,0,0,244,156,21
GHCND:USW00094728,NEW YORK CENTRAL PARK OBS BELVEDERE TOWER NY US,20150607,0,0,0,233,128,17
GHCND:USW00094728,NEW YORK CENTRAL PARK OBS BELVEDERE TOWER NY US,20150608,15,0,0,261,172,27
GHCND:USW00094728,NEW YORK CENTRAL PARK OBS BELVEDERE TOWER NY US,20150609,3,0,0,283,200,22
GHCND:USW00094728,NEW YORK CENTRAL PARK OBS BELVEDERE TOWER NY US,20150610,0,0,0,278,183,14
GHCND:USW00094728,NEW YORK CENTRAL PARK OBS BELVEDERE TOWER NY US,20150611,0,0,0,317,222,20
GHCND:USW00094728,NEW YORK CENTRAL PARK OBS BELVEDERE TOWER NY US,20150612,0,0,0,311,228,20
GHCND:USW00094728,NEW YORK CENTRAL PARK OBS BELVEDERE TOWER NY US,20150613,0,0,0,300,222,24
GHCND:USW00094728,NEW YORK CENTRAL PARK OBS BELVEDERE TOWER NY US,20150614,91,0,0,311,189,12
GHCND:USW00094728,NEW YORK CENTRAL PARK OBS BELVEDERE TOWER NY US,20150615,145,0,0,283,178,21
GHCND:USW00094728,NEW YORK CENTRAL PARK OBS BELVEDERE TOWER NY US,20150616,69,0,0,261,183,10
GHCND:USW00094728,NEW YORK CENTRAL PARK OBS BELVEDERE TOWER NY US,20150617,0,0,0,278,189,17
GHCND:USW00094728,NEW YORK CENTRAL PARK OBS BELVEDERE TOWER NY US,20150618,0,0,0,217,178,16
GHCND:USW00094728,NEW YORK CENTRAL PARK OBS BELVEDERE TOWER NY US,20150619,0,0,0,306,200,17
GHCND:USW00094728,NEW YORK CENTRAL PARK OBS BELVEDERE TOWER NY US,20150620,0,0,0,239,178,24
GHCND:USW00094728,NEW YORK CENTRAL PARK OBS BELVEDERE TOWER NY US,20150621,163,0,0,311,217,20
GHCND:USW00094728,NEW YORK CENTRAL PARK OBS BELVEDERE TOWER NY US,20150622,0,0,0,306,211,22
GHCND:USW00094728,NEW YORK CENTRAL PARK OBS BELVEDERE TOWER NY US,20150623,5,0,0,322,239,26
GHCND:USW00094728,NEW YORK CENTRAL PARK OBS BELVEDERE TOWER NY US,20150624,0,0,0,289,200,21
GHCND:USW00094728,NEW YORK CENTRAL PARK OBS BELVEDERE TOWER NY US,20150625,0,0,0,283,183,14
GHCND:USW00094728,NEW YORK CENTRAL PARK OBS BELVEDERE TOWER NY US,20150626,0,0,0,272,206,20
GHCND:USW00094728,NEW YORK CENTRAL PARK OBS BELVEDERE TOWER NY US,20150627,284,0,0,217,144,33
GHCND:USW00094728,NEW YORK CENTRAL PARK OBS BELVEDERE TOWER NY US,20150628,74,0,0,228,167,24
GHCND:USW00094728,NEW YORK CENTRAL PARK OBS BELVEDERE TOWER NY US,20150629,0,0,0,244,172,22
GHCND:USW00094728,NEW YORK CENTRAL PARK OBS BELVEDERE TOWER NY US,20150630,10,0,0,278,200,22
GHCND:USW00094728,NEW YORK CENTRAL PARK OBS BELVEDERE TOWER NY US,20150701,99,0,0,278,206,19
GHCND:USW00094728,NEW YORK CENTRAL PARK OBS BELVEDERE TOWER NY US,20150702,0,0,0,267,206,5
GHCND:USW00094728,NEW YORK CENTRAL PARK OBS BELVEDERE TOWER NY US,20150703,0,0,0,278,189,13
GHCND:USW00094728,NEW YORK CENTRAL PARK OBS BELVEDERE TOWER NY US,20150704,0,0,0,239,206,15
GHCND:USW00094728,NEW YORK CENTRAL PARK OBS BELVEDERE TOWER NY US,20150705,0,0,0,283,200,7
GHCND:USW00094728,NEW YORK CENTRAL PARK OBS BELVEDERE TOWER NY US,20150706,0,0,0,283,222,13
GHCND:USW00094728,NEW YORK CENTRAL PARK OBS BELVEDERE TOWER NY US,20150707,30,0,0,311,239,22
GHCND:USW00094728,NEW YORK CENTRAL PARK OBS BELVEDERE TOWER NY US,20150708,0,0,0,311,250,14
GHCND:USW00094728,NEW YORK CENTRAL PARK OBS BELVEDERE TOWER NY US,20150709,76,0,0,261,200,21
GHCND:USW00094728,NEW YORK CENTRAL PARK OBS BELVEDERE TOWER NY US,20150710,0,0,0,289,222,21
GHCND:USW00094728,NEW YORK CENTRAL PARK OBS BELVEDERE TOWER NY US,20150711,0,0,0,311,206,11
GHCND:USW00094728,NEW YORK CENTRAL PARK OBS BELVEDERE TOWER NY US,20150712,0,0,0,317,222,9
GHCND:USW00094728,NEW YORK CENTRAL PARK OBS BELVEDERE TOWER NY US,20150713,0,0,0,311,228,12
GHCND:USW00094728,NEW YORK CENTRAL PARK OBS BELVEDERE TOWER NY US,20150714,107,0,0,278,228,12
GHCND:USW00094728,NEW YORK CENTRAL PARK OBS BELVEDERE TOWER NY US,20150715,30,0,0,272,222,20
GHCND:USW00094728,NEW YORK CENTRAL PARK OBS BELVEDERE TOWER NY US,20150716,0,0,0,267,178,25
GHCND:USW00094728,NEW YORK CENTRAL PARK OBS BELVEDERE TOWER NY US,20150717,0,0,0,272,194,17
GHCND:USW00094728,NEW YORK CENTRAL PARK OBS BELVEDERE TOWER NY US,20150718,81,0,0,294,217,20
GHCND:USW00094728,NEW YORK CENTRAL PARK OBS BELVEDERE TOWER NY US,20150719,0,0,0,339,256,14
GHCND:USW00094728,NEW YORK CENTRAL PARK OBS BELVEDERE TOWER NY US,20150720,0,0,0,344,278,20
GHCND:USW00094728,NEW YORK CENTRAL PARK OBS BELVEDERE TOWER NY US,20150721,0,0,0,317,233,11
GHCND:USW00094728,NEW YORK CENTRAL PARK OBS BELVEDERE TOWER NY US,20150722,0,0,0,294,206,26
GHCND:USW00094728,NEW YORK CENTRAL PARK OBS BELVEDERE TOWER NY US,20150723,0,0,0,300,200,17
GHCND:USW00094728,NEW YORK CENTRAL PARK OBS BELVEDERE TOWER NY US,20150724,0,0,0,306,211,9
GHCND:USW00094728,NEW YORK CENTRAL PARK OBS BELVEDERE TOWER NY US,20150725,0,0,0,311,206,14
GHCND:USW00094728,NEW YORK CENTRAL PARK OBS BELVEDERE TOWER NY US,20150726,0,0,0,322,233,20
GHCND:USW00094728,NEW YORK CENTRAL PARK OBS BELVEDERE TOWER NY US,20150727,91,0,0,300,217,13
GHCND:USW00094728,NEW YORK CENTRAL PARK OBS BELVEDERE TOWER NY US,20150728,0,0,0,350,239,12
GHCND:USW00094728,NEW YORK CENTRAL PARK OBS BELVEDERE TOWER NY US,20150729,0,0,0,356,256,17
GHCND:USW00094728,NEW YORK CENTRAL PARK OBS BELVEDERE TOWER NY US,20150730,495,0,0,306,244,19
GHCND:USW00094728,NEW YORK CENTRAL PARK OBS BELVEDERE TOWER NY US,20150731,0,0,0,317,222,15
GHCND:USW00094728,NEW YORK CENTRAL PARK OBS BELVEDERE TOWER NY US,20150801,0,0,0,317,239,20
GHCND:USW00094728,NEW YORK CENTRAL PARK OBS BELVEDERE TOWER NY US,20150802,0,0,0,317,217,9
GHCND:USW00094728,NEW YORK CENTRAL PARK OBS BELVEDERE TOWER NY US,20150803,0,0,0,322,239,22
GHCND:USW00094728,NEW YORK CENTRAL PARK OBS BELVEDERE TOWER NY US,20150804,109,0,0,317,206,24
GHCND:USW00094728,NEW YORK CENTRAL PARK OBS BELVEDERE TOWER NY US,20150805,0,0,0,306,222,13
GHCND:USW00094728,NEW YORK CENTRAL PARK OBS BELVEDERE TOWER NY US,20150806,0,0,0,283,194,11
GHCND:USW00094728,NEW YORK CENTRAL PARK OBS BELVEDERE TOWER NY US,20150807,0,0,0,289,206,24
GHCND:USW00094728,NEW YORK CENTRAL PARK OBS BELVEDERE TOWER NY US,20150808,0,0,0,278,200,17
GHCND:USW00094728,NEW YORK CENTRAL PARK OBS BELVEDERE TOWER NY US,20150809,0,0,0,294,200,17
GHCND:USW00094728,NEW YORK CENTRAL PARK OBS BELVEDERE TOWER NY US,20150810,0,0,0,289,211,20
GHCND:USW00094728,NEW YORK CENTRAL PARK OBS BELVEDERE TOWER NY US,20150811,297,0,0,272,217,19
GHCND:USW00094728,NEW YORK CENTRAL PARK OBS BELVEDERE TOWER NY US,20150812,0,0,0,294,217,21
GHCND:USW00094728,NEW YORK CENTRAL PARK OBS BELVEDERE TOWER NY US,20150813,0,0,0,283,194,14
GHCND:USW00094728,NEW YORK CENTRAL PARK OBS BELVEDERE TOWER NY US,20150814,0,0,0,311,194,13
GHCND:USW00094728,NEW YORK CENTRAL PARK OBS BELVEDERE TOWER NY US,20150815,0,0,0,333,228,15
GHCND:USW00094728,NEW YORK CENTRAL PARK OBS BELVEDERE TOWER NY US,20150816,0,0,0,339,244,7
GHCND:USW00094728,NEW YORK CENTRAL PARK OBS BELVEDERE TOWER NY US,20150817,0,0,0,350,256,15
GHCND:USW00094728,NEW YORK CENTRAL PARK OBS BELVEDERE TOWER NY US,20150818,74,0,0,322,228,18
GHCND:USW00094728,NEW YORK CENTRAL PARK OBS BELVEDERE TOWER NY US,20150819,0,0,0,306,250,18
GHCND:USW00094728,NEW YORK CENTRAL PARK OBS BELVEDERE TOWER NY US,20150820,3,0,0,300,250,25
GHCND:USW00094728,NEW YORK CENTRAL PARK OBS BELVEDERE TOWER NY US,20150821,81,0,0,306,217,19
GHCND:USW00094728,NEW YORK CENTRAL PARK OBS BELVEDERE TOWER NY US,20150822,0,0,0,300,206,20
GHCND:USW00094728,NEW YORK CENTRAL PARK OBS BELVEDERE TOWER NY US,20150823,0,0,0,294,211,18
GHCND:USW00094728,NEW YORK CENTRAL PARK OBS BELVEDERE TOWER NY US,20150824,0,0,0,306,228,11
GHCND:USW00094728,NEW YORK CENTRAL PARK OBS BELVEDERE TOWER NY US,20150825,0,0,0,322,228,17
GHCND:USW00094728,NEW YORK CENTRAL PARK OBS BELVEDERE TOWER NY US,20150826,0,0,0,294,194,17
GHCND:USW00094728,NEW YORK CENTRAL PARK OBS BELVEDERE TOWER NY US,20150827,0,0,0,278,194,14
GHCND:USW00094728,NEW YORK CENTRAL PARK OBS BELVEDERE TOWER NY US,20150828,0,0,0,278,172,11
GHCND:USW00094728,NEW YORK CENTRAL PARK OBS BELVEDERE TOWER NY US,20150829,0,0,0,306,194,9
GHCND:USW00094728,NEW YORK CENTRAL PARK OBS BELVEDERE TOWER NY US,20150830,33,0,0,322,222,18
GHCND:USW00094728,NEW YORK CENTRAL PARK OBS BELVEDERE TOWER NY US,20150831,0,0,0,328,244,20
GHCND:USW00094728,NEW YORK CENTRAL PARK OBS BELVEDERE TOWER NY US,20150901,0,0,0,322,244,10
GHCND:USW00094728,NEW YORK CENTRAL PARK OBS BELVEDERE TOWER NY US,20150902,0,0,0,328,233,8
GHCND:USW00094728,NEW YORK CENTRAL PARK OBS BELVEDERE TOWER NY US,20150903,0,0,0,339,233,9
GHCND:USW00094728,NEW YORK CENTRAL PARK OBS BELVEDERE TOWER NY US,20150904,0,0,0,294,222,31
GHCND:USW00094728,NEW YORK CENTRAL PARK OBS BELVEDERE TOWER NY US,20150905,0,0,0,283,194,18
GHCND:USW00094728,NEW YORK CENTRAL PARK OBS BELVEDERE TOWER NY US,20150906,0,0,0,306,183,6
GHCND:USW00094728,NEW YORK CENTRAL PARK OBS BELVEDERE TOWER NY US,20150907,0,0,0,333,211,19
GHCND:USW00094728,NEW YORK CENTRAL PARK OBS BELVEDERE TOWER NY US,20150908,0,0,0,361,244,22
GHCND:USW00094728,NEW YORK CENTRAL PARK OBS BELVEDERE TOWER NY US,20150909,0,0,0,322,244,17
GHCND:USW00094728,NEW YORK CENTRAL PARK OBS BELVEDERE TOWER NY US,20150910,401,0,0,261,211,28
GHCND:USW00094728,NEW YORK CENTRAL PARK OBS BELVEDERE TOWER NY US,20150911,0,0,0,272,189,23
GHCND:USW00094728,NEW YORK CENTRAL PARK OBS BELVEDERE TOWER NY US,20150912,74,0,0,261,206,19
GHCND:USW00094728,NEW YORK CENTRAL PARK OBS BELVEDERE TOWER NY US,20150913,10,0,0,267,167,28
GHCND:USW00094728,NEW YORK CENTRAL PARK OBS BELVEDERE TOWER NY US,20150914,0,0,0,250,150,29
GHCND:USW00094728,NEW YORK CENTRAL PARK OBS BELVEDERE TOWER NY US,20150915,0,0,0,289,167,10
GHCND:USW00094728,NEW YORK CENTRAL PARK OBS BELVEDERE TOWER NY US,20150916,0,0,0,311,189,6
GHCND:USW00094728,NEW YORK CENTRAL PARK OBS BELVEDERE TOWER NY US,20150917,0,0,0,317,200,10
GHCND:USW00094728,NEW YORK CENTRAL PARK OBS BELVEDERE TOWER NY US,20150918,0,0,0,306,200,9
GHCND:USW00094728,NEW YORK CENTRAL PARK OBS BELVEDERE TOWER NY US,20150919,0,0,0,283,200,12
GHCND:USW00094728,NEW YORK CENTRAL PARK OBS BELVEDERE TOWER NY US,20150920,0,0,0,261,178,35
GHCND:USW00094728,NEW YORK CENTRAL PARK OBS BELVEDERE TOWER NY US,20150921,0,0,0,228,150,34
GHCND:USW00094728,NEW YORK CENTRAL PARK OBS BELVEDERE TOWER NY US,20150922,0,0,0,217,167,31
GHCND:USW00094728,NEW YORK CENTRAL PARK OBS BELVEDERE TOWER NY US,20150923,0,0,0,267,150,13
GHCND:USW00094728,NEW YORK CENTRAL PARK OBS BELVEDERE TOWER NY US,20150924,0,0,0,278,156,19
GHCND:USW00094728,NEW YORK CENTRAL PARK OBS BELVEDERE TOWER NY US,20150925,0,0,0,244,172,28
GHCND:USW00094728,NEW YORK CENTRAL PARK OBS BELVEDERE TOWER NY US,20150926,0,0,0,222,161,27
GHCND:USW00094728,NEW YORK CENTRAL PARK OBS BELVEDERE TOWER NY US,20150927,0,0,0,217,133,22
GHCND:USW00094728,NEW YORK CENTRAL PARK OBS BELVEDERE TOWER NY US,20150928,0,0,0,256,183,15
GHCND:USW00094728,NEW YORK CENTRAL PARK OBS BELVEDERE TOWER NY US,20150929,28,0,0,283,222,12
GHCND:USW00094728,NEW YORK CENTRAL PARK OBS BELVEDERE TOWER NY US,20150930,320,0,0,261,150,37
GHCND:USW00094728,NEW YORK CENTRAL PARK OBS BELVEDERE TOWER NY US,20151001,23,0,0,178,133,39
GHCND:USW00094728,NEW YORK CENTRAL PARK OBS BELVEDERE TOWER NY US,20151002,274,0,0,139,89,56
GHCND:USW00094728,NEW YORK CENTRAL PARK OBS BELVEDERE TOWER NY US,20151003,89,0,0,128,94,51
GHCND:USW00094728,NEW YORK CENTRAL PARK OBS BELVEDERE TOWER NY US,20151004,0,0,0,172,117,48
GHCND:USW00094728,NEW YORK CENTRAL PARK OBS BELVEDERE TOWER NY US,20151005,0,0,0,194,111,28
GHCND:USW00094728,NEW YORK CENTRAL PARK OBS BELVEDERE TOWER NY US,20151006,0,0,0,228,111,7
GHCND:USW00094728,NEW YORK CENTRAL PARK OBS BELVEDERE TOWER NY US,20151007,0,0,0,228,144,13
GHCND:USW00094728,NEW YORK CENTRAL PARK OBS BELVEDERE TOWER NY US,20151008,0,0,0,222,150,15
GHCND:USW00094728,NEW YORK CENTRAL PARK OBS BELVEDERE TOWER NY US,20151009,226,0,0,256,161,18
GHCND:USW00094728,NEW YORK CENTRAL PARK OBS BELVEDERE TOWER NY US,20151010,0,0,0,183,100,11
GHCND:USW00094728,NEW YORK CENTRAL PARK OBS BELVEDERE TOWER NY US,20151011,0,0,0,206,117,17
GHCND:USW00094728,NEW YORK CENTRAL PARK OBS BELVEDERE TOWER NY US,20151012,0,0,0,250,133,17
GHCND:USW00094728,NEW YORK CENTRAL PARK OBS BELVEDERE TOWER NY US,20151013,3,0,0,222,161,16
GHCND:USW00094728,NEW YORK CENTRAL PARK OBS BELVEDERE TOWER NY US,20151014,0,0,0,206,139,17
GHCND:USW00094728,NEW YORK CENTRAL PARK OBS BELVEDERE TOWER NY US,20151015,0,0,0,178,106,18
GHCND:USW00094728,NEW YORK CENTRAL PARK OBS BELVEDERE TOWER NY US,20151016,0,0,0,178,117,24
GHCND:USW00094728,NEW YORK CENTRAL PARK OBS BELVEDERE TOWER NY US,20151017,0,0,0,133,56,26
GHCND:USW00094728,NEW YORK CENTRAL PARK OBS BELVEDERE TOWER NY US,20151018,0,0,0,100,33,22
GHCND:USW00094728,NEW YORK CENTRAL PARK OBS BELVEDERE TOWER NY US,20151019,0,0,0,117,17,17
GHCND:USW00094728,NEW YORK CENTRAL PARK OBS BELVEDERE TOWER NY US,20151020,0,0,0,211,89,27
GHCND:USW00094728,NEW YORK CENTRAL PARK OBS BELVEDERE TOWER NY US,20151021,0,0,0,244,139,10
GHCND:USW00094728,NEW YORK CENTRAL PARK OBS BELVEDERE TOWER NY US,20151022,0,0,0,239,144,21
GHCND:USW00094728,NEW YORK CENTRAL PARK OBS BELVEDERE TOWER NY US,20151023,0,0,0,183,72,30
GHCND:USW00094728,NEW YORK CENTRAL PARK OBS BELVEDERE TOWER NY US,20151024,0,0,0,139,44,18
GHCND:USW00094728,NEW YORK CENTRAL PARK OBS BELVEDERE TOWER NY US,20151025,13,0,0,200,89,22
GHCND:USW00094728,NEW YORK CENTRAL PARK OBS BELVEDERE TOWER NY US,20151026,0,0,0,144,78,17
GHCND:USW00094728,NEW YORK CENTRAL PARK OBS BELVEDERE TOWER NY US,20151027,0,0,0,150,72,20
GHCND:USW00094728,NEW YORK CENTRAL PARK OBS BELVEDERE TOWER NY US,20151028,356,0,0,206,117,30
GHCND:USW00094728,NEW YORK CENTRAL PARK OBS BELVEDERE TOWER NY US,20151029,10,0,0,228,139,29
GHCND:USW00094728,NEW YORK CENTRAL PARK OBS BELVEDERE TOWER NY US,20151030,0,0,0,161,89,26
GHCND:USW00094728,NEW YORK CENTRAL PARK OBS BELVEDERE TOWER NY US,20151031,0,0,0,133,56,13
GHCND:USW00094728,NEW YORK CENTRAL PARK OBS BELVEDERE TOWER NY US,20151101,0,0,0,183,122,22
GHCND:USW00094728,NEW YORK CENTRAL PARK OBS BELVEDERE TOWER NY US,20151102,0,0,0,172,122,9
GHCND:USW00094728,NEW YORK CENTRAL PARK OBS BELVEDERE TOWER NY US,20151103,0,0,0,222,89,11
GHCND:USW00094728,NEW YORK CENTRAL PARK OBS BELVEDERE TOWER NY US,20151104,0,0,0,211,133,11
GHCND:USW00094728,NEW YORK CENTRAL PARK OBS BELVEDERE TOWER NY US,20151105,3,0,0,217,133,9
GHCND:USW00094728,NEW YORK CENTRAL PARK OBS BELVEDERE TOWER NY US,20151106,0,0,0,233,189,21
GHCND:USW00094728,NEW YORK CENTRAL PARK OBS BELVEDERE TOWER NY US,20151107,0,0,0,222,117,20
GHCND:USW00094728,NEW YORK CENTRAL PARK OBS BELVEDERE TOWER NY US,20151108,0,0,0,133,78,16
GHCND:USW00094728,NEW YORK CENTRAL PARK OBS BELVEDERE TOWER NY US,20151109,0,0,0,150,61,9
GHCND:USW00094728,NEW YORK CENTRAL PARK OBS BELVEDERE TOWER NY US,20151110,66,0,0,139,106,44
GHCND:USW00094728,NEW YORK CENTRAL PARK OBS BELVEDERE TOWER NY US,20151111,109,0,0,144,94,22
GHCND:USW00094728,NEW YORK CENTRAL PARK OBS BELVEDERE TOWER NY US,20151112,3,0,0,161,106,25
GHCND:USW00094728,NEW YORK CENTRAL PARK OBS BELVEDERE TOWER NY US,20151113,0,0,0,144,78,48
GHCND:USW00094728,NEW YORK CENTRAL PARK OBS BELVEDERE TOWER NY US,20151114,0,0,0,94,56,35
GHCND:USW00094728,NEW YORK CENTRAL PARK OBS BELVEDERE TOWER NY US,20151115,0,0,0,144,39,21
GHCND:USW00094728,NEW YORK CENTRAL PARK OBS BELVEDERE TOWER NY US,20151116,0,0,0,194,106,18
GHCND:USW00094728,NEW YORK CENTRAL PARK OBS BELVEDERE TOWER NY US,20151117,0,0,0,111,44,28
GHCND:USW00094728,NEW YORK CENTRAL PARK OBS BELVEDERE TOWER NY US,20151118,0,0,0,144,78,23
GHCND:USW00094728,NEW YORK CENTRAL PARK OBS BELVEDERE TOWER NY US,20151119,318,0,0,178,139,25
GHCND:USW00094728,NEW YORK CENTRAL PARK OBS BELVEDERE TOWER NY US,20151120,0,0,0,178,78,26
GHCND:USW00094728,NEW YORK CENTRAL PARK OBS BELVEDERE TOWER NY US,20151121,0,0,0,117,56,29
GHCND:USW00094728,NEW YORK CENTRAL PARK OBS BELVEDERE TOWER NY US,20151122,8,0,0,128,56,28
GHCND:USW00094728,NEW YORK CENTRAL PARK OBS BELVEDERE TOWER NY US,20151123,0,0,0,67,6,26
GHCND:USW00094728,NEW YORK CENTRAL PARK OBS BELVEDERE TOWER NY US,20151124,0,0,0,78,0,17
GHCND:USW00094728,NEW YORK CENTRAL PARK OBS BELVEDERE TOWER NY US,20151125,0,0,0,100,22,12
GHCND:USW00094728,NEW YORK CENTRAL PARK OBS BELVEDERE TOWER NY US,20151126,0,0,0,156,50,13
GHCND:USW00094728,NEW YORK CENTRAL PARK OBS BELVEDERE TOWER NY US,20151127,0,0,0,178,106,17
GHCND:USW00094728,NEW YORK CENTRAL PARK OBS BELVEDERE TOWER NY US,20151128,5,0,0,178,72,-9999
GHCND:USW00094728,NEW YORK CENTRAL PARK OBS BELVEDERE TOWER NY US,20151129,0,0,0,94,33,-9999
GHCND:USW00094728,NEW YORK CENTRAL PARK OBS BELVEDERE TOWER NY US,20151130,0,0,0,83,6,25
GHCND:USW00094728,NEW YORK CENTRAL PARK OBS BELVEDERE TOWER NY US,20151201,84,0,0,106,67,30
GHCND:USW00094728,NEW YORK CENTRAL PARK OBS BELVEDERE TOWER NY US,20151202,36,0,0,139,78,13
GHCND:USW00094728,NEW YORK CENTRAL PARK OBS BELVEDERE TOWER NY US,20151203,0,0,0,128,67,38
GHCND:USW00094728,NEW YORK CENTRAL PARK OBS BELVEDERE TOWER NY US,20151204,0,0,0,106,56,19
GHCND:USW00094728,NEW YORK CENTRAL PARK OBS BELVEDERE TOWER NY US,20151205,0,0,0,106,44,10
GHCND:USW00094728,NEW YORK CENTRAL PARK OBS BELVEDERE TOWER NY US,20151206,0,0,0,117,39,15
GHCND:USW00094728,NEW YORK CENTRAL PARK OBS BELVEDERE TOWER NY US,20151207,0,0,0,122,56,17
GHCND:USW00094728,NEW YORK CENTRAL PARK OBS BELVEDERE TOWER NY US,20151208,0,0,0,94,50,20
GHCND:USW00094728,NEW YORK CENTRAL PARK OBS BELVEDERE TOWER NY US,20151209,0,0,0,128,44,19
GHCND:USW00094728,NEW YORK CENTRAL PARK OBS BELVEDERE TOWER NY US,20151210,0,0,0,156,106,19
GHCND:USW00094728,NEW YORK CENTRAL PARK OBS BELVEDERE TOWER NY US,20151211,0,0,0,161,100,21
GHCND:USW00094728,NEW YORK CENTRAL PARK OBS BELVEDERE TOWER NY US,20151212,0,0,0,189,128,9
GHCND:USW00094728,NEW YORK CENTRAL PARK OBS BELVEDERE TOWER NY US,20151213,0,0,0,194,128,15
GHCND:USW00094728,NEW YORK CENTRAL PARK OBS BELVEDERE TOWER NY US,20151214,84,0,0,194,117,21
GHCND:USW00094728,NEW YORK CENTRAL PARK OBS BELVEDERE TOWER NY US,20151215,23,0,0,200,117,47
GHCND:USW00094728,NEW YORK CENTRAL PARK OBS BELVEDERE TOWER NY US,20151216,10,0,0,117,78,24
GHCND:USW00094728,NEW YORK CENTRAL PARK OBS BELVEDERE TOWER NY US,20151217,307,0,0,150,100,22
GHCND:USW00094728,NEW YORK CENTRAL PARK OBS BELVEDERE TOWER NY US,20151218,0,0,0,139,33,30
GHCND:USW00094728,NEW YORK CENTRAL PARK OBS BELVEDERE TOWER NY US,20151219,0,0,0,44,17,42
GHCND:USW00094728,NEW YORK CENTRAL PARK OBS BELVEDERE TOWER NY US,20151220,0,0,0,61,11,27
GHCND:USW00094728,NEW YORK CENTRAL PARK OBS BELVEDERE TOWER NY US,20151221,0,0,0,133,39,32
GHCND:USW00094728,NEW YORK CENTRAL PARK OBS BELVEDERE TOWER NY US,20151222,48,0,0,167,117,22
GHCND:USW00094728,NEW YORK CENTRAL PARK OBS BELVEDERE TOWER NY US,20151223,394,0,0,178,111,16
GHCND:USW00094728,NEW YORK CENTRAL PARK OBS BELVEDERE TOWER NY US,20151224,3,0,0,222,172,20
GHCND:USW00094728,NEW YORK CENTRAL PARK OBS BELVEDERE TOWER NY US,20151225,3,0,0,189,139,4
GHCND:USW00094728,NEW YORK CENTRAL PARK OBS BELVEDERE TOWER NY US,20151226,0,0,0,150,83,36
GHCND:USW00094728,NEW YORK CENTRAL PARK OBS BELVEDERE TOWER NY US,20151227,30,0,0,161,78,26
GHCND:USW00094728,NEW YORK CENTRAL PARK OBS BELVEDERE TOWER NY US,20151228,8,0,0,78,11,37
GHCND:USW00094728,NEW YORK CENTRAL PARK OBS BELVEDERE TOWER NY US,20151229,114,0,0,78,11,31
GHCND:USW00094728,NEW YORK CENTRAL PARK OBS BELVEDERE TOWER NY US,20151230,48,-9999,-9999,89,33,18
GHCND:USW00094728,NEW YORK CENTRAL PARK OBS BELVEDERE TOWER NY US,20151231,8,0,0,89,56,24
